timestamp,name,categories,zone,alert,gender,gender_conf,age_bucket,detection_type
2026-07-08 13:00:32,Unknown,,Crowd1,,,,,person
2026-07-08 13:00:32,Unknown,,Cloth Section,,,,,person
2026-07-08 13:00:33,Unknown,,Crowd1,,,,,person
2026-07-08 13:00:33,Unknown,,Cloth Section,,,,,person
2026-07-08 13:00:34,Unknown,,Crowd1,,,,,person
2026-07-08 13:00:34,Unknown,,Cloth Section,,,,,person
2026-07-08 13:00:35,Unknown,,Crowd1,,,,,person
2026-07-08 13:00:35,Unknown,,Cloth Section,,,,,person
2026-07-08 13:00:36,Unknown,,Crowd1,,,,,person
2026-07-08 13:00:36,Unknown,,Cloth Section,,,,,person
2026-07-08 13:00:37,Unknown,,Crowd1,,,,,person
2026-07-08 13:00:37,Unknown,,Cloth Section,,,,,person
2026-07-08 13:00:38,Unknown,,Crowd1,,,,,person
2026-07-08 13:00:38,Unknown,,Cloth Section,,,,,person
2026-07-08 13:00:39,Unknown,,Crowd1,,,,,person
2026-07-08 13:00:39,Unknown,,Cloth Section,,,,,person
2026-07-08 13:00:40,Unknown,,Crowd1,,,,,person
2026-07-08 13:00:41,Unknown,,Crowd1,,,,,person
2026-07-08 13:00:42,Unknown,,Crowd1,,,,,person
2026-07-08 13:00:43,Unknown,,Crowd1,,,,,person
2026-07-08 13:00:44,Unknown,,Crowd1,,,,,person
2026-07-08 13:00:45,Unknown,,Crowd1,,,,,person
2026-07-08 13:00:46,Unknown,,Crowd1,,,,,person
2026-07-08 13:00:47,Unknown,,Crowd1,,,,,person
2026-07-08 13:00:48,Unknown,,Crowd1,,,,,person
2026-07-08 13:00:49,Unknown,,Crowd1,,,,,person
2026-07-08 13:00:50,Unknown,,Crowd1,,,,,person
2026-07-08 13:00:51,Unknown,,Crowd1,,,,,person
2026-07-08 13:00:52,Unknown,,Crowd1,,,,,person
2026-07-08 13:00:53,Unknown,,Crowd1,,,,,person
2026-07-08 13:00:53,Unknown,,Cloth Section,,,,,person
2026-07-08 13:00:54,Unknown,,Crowd1,,,,,person
2026-07-08 13:00:54,Unknown,,Cloth Section,,,,,person
2026-07-08 13:00:55,Unknown,,Crowd1,,,,,person
2026-07-08 16:25:28,Unknown,,Crowd1,,,,,person
2026-07-08 16:25:28,Unknown,,Cloth Section,,,,,person
2026-07-08 16:25:29,Unknown,,Crowd1,,,,,person
2026-07-08 16:25:29,Unknown,,Cloth Section,,,,,person
2026-07-08 16:25:30,Unknown,,Crowd1,,,,,person
2026-07-08 16:25:30,Unknown,,Cloth Section,,,,,person
2026-07-08 16:25:31,Unknown,,Crowd1,,,,,person
2026-07-08 16:25:32,Unknown,,Crowd1,,,,,person
2026-07-08 16:25:33,Unknown,,Crowd1,,,,,person
2026-07-08 16:25:33,Unknown,,Cloth Section,,,,,person
2026-07-08 16:25:34,Unknown,,Crowd1,,,,,person
2026-07-08 16:25:35,Unknown,,Crowd1,,,,,person
2026-07-08 16:25:36,Unknown,,Crowd1,,,,,person
2026-07-08 16:25:37,Unknown,,Crowd1,,,,,person
2026-07-08 16:25:38,Unknown,,Crowd1,,,,,person
2026-07-08 16:25:39,Unknown,,Crowd1,,,,,person
2026-07-08 16:25:40,Unknown,,Crowd1,,,,,person
2026-07-08 16:25:41,Unknown,,Crowd1,,,,,person
2026-07-08 16:25:42,Unknown,,Crowd1,,,,,person
2026-07-08 16:25:42,Unknown,,Cloth Section,,,,,person
2026-07-08 16:25:43,Unknown,,Crowd1,,,,,person
2026-07-08 16:25:43,Unknown,,Cloth Section,,,,,person
2026-07-08 16:25:44,Unknown,,Cloth Section,,,,,person
2026-07-08 16:25:44,Unknown,,Crowd1,,,,,person
2026-07-08 16:25:45,Unknown,,Crowd1,,,,,person
2026-07-08 16:25:46,Unknown,,Crowd1,,,,,person
2026-07-08 16:25:46,Unknown,,Cloth Section,,,,,person
2026-07-08 16:25:47,Unknown,,Crowd1,,,,,person
2026-07-08 16:25:47,Unknown,,Cloth Section,,,,,person
2026-07-08 16:25:48,Unknown,,Crowd1,,,,,person
2026-07-08 16:25:48,Unknown,,Cloth Section,,,,,person
2026-07-08 16:25:49,Unknown,,Crowd1,,,,,person
2026-07-08 16:25:49,Unknown,,Cloth Section,,,,,person
2026-07-08 16:25:50,Unknown,,Crowd1,,,,,person
2026-07-08 16:25:50,Unknown,,Cloth Section,,,,,person
2026-07-08 16:25:51,Unknown,,Crowd1,,,,,person
2026-07-08 16:25:51,Unknown,,Cloth Section,,,,,person
2026-07-08 16:25:52,Unknown,,Crowd1,,,,,person
2026-07-08 16:25:52,Unknown,,Cloth Section,,,,,person
2026-07-08 16:25:53,Unknown,,Crowd1,,,,,person
2026-07-08 16:25:53,Unknown,,Cloth Section,,,,,person
2026-07-08 16:25:54,Unknown,,Crowd1,,,,,person
2026-07-08 16:25:54,Unknown,,Cloth Section,,,,,person
2026-07-08 16:25:55,Unknown,,Crowd1,,,,,person
2026-07-08 16:25:55,Unknown,,Cloth Section,,,,,person
2026-07-08 16:25:56,Unknown,,Crowd1,,,,,person
2026-07-08 16:25:56,Unknown,,Cloth Section,,,,,person
2026-07-08 16:25:57,Unknown,,Crowd1,,,,,person
2026-07-08 16:25:57,Unknown,,Cloth Section,,,,,person
2026-07-08 16:25:58,Unknown,,Crowd1,,,,,person
2026-07-08 16:25:58,Unknown,,Cloth Section,,,,,person
2026-07-08 16:25:59,Unknown,,Crowd1,,,,,person
2026-07-08 16:26:00,Unknown,,Crowd1,,,,,person
2026-07-08 16:26:00,Unknown,,Cloth Section,,,,,person
2026-07-08 16:26:01,Unknown,,Crowd1,,,,,person
2026-07-08 16:26:01,Unknown,,Cloth Section,,,,,person
2026-07-08 16:26:02,Unknown,,Crowd1,,,,,person
2026-07-08 16:26:02,Unknown,,Cloth Section,,,,,person
2026-07-08 16:26:03,Unknown,,Crowd1,,,,,person
2026-07-08 16:26:03,Unknown,,Cloth Section,,,,,person
2026-07-08 16:26:04,Unknown,,Crowd1,,,,,person
2026-07-08 16:26:04,Unknown,,Cloth Section,,,,,person
2026-07-08 16:26:05,Unknown,,Crowd1,,,,,person
2026-07-08 16:26:06,Unknown,,Crowd1,,,,,person
2026-07-08 16:26:06,Unknown,,Cloth Section,,,,,person
2026-07-08 16:26:07,Unknown,,Crowd1,,,,,person
2026-07-08 16:26:08,Unknown,,Crowd1,,,,,person
2026-07-08 16:26:08,Unknown,,Cloth Section,,,,,person
2026-07-08 16:26:09,Unknown,,Crowd1,,,,,person
2026-07-08 16:26:09,Unknown,,Cloth Section,,,,,person
2026-07-08 16:26:10,Unknown,,Crowd1,,,,,person
2026-07-08 16:26:10,Unknown,,Cloth Section,,,,,person
2026-07-08 16:27:11,Unknown,,Crowd1,,,,,person
2026-07-08 16:27:12,Unknown,,Crowd1,,,,,person
2026-07-08 16:27:13,Unknown,,Crowd1,,,,,person
2026-07-08 16:27:14,Unknown,,Crowd1,,,,,person
2026-07-08 16:27:15,Unknown,,Crowd1,,,,,person
2026-07-08 16:27:16,Unknown,,Crowd1,,,,,person
2026-07-08 16:27:17,Unknown,,Crowd1,,,,,person
2026-07-08 16:27:18,Unknown,,Crowd1,,,,,person
2026-07-08 16:27:19,Unknown,,Crowd1,,,,,person
2026-07-08 16:27:20,Unknown,,Crowd1,,,,,person
2026-07-08 16:27:21,Unknown,,Crowd1,,,,,person
2026-07-08 16:27:22,Unknown,,Crowd1,,,,,person
2026-07-08 16:27:23,Unknown,,Crowd1,,,,,person
2026-07-08 16:27:24,Unknown,,Crowd1,,,,,person
2026-07-08 16:27:25,Unknown,,Crowd1,,,,,person
2026-07-08 16:27:26,Unknown,,Crowd1,,,,,person
2026-07-08 16:27:27,Unknown,,Crowd1,,,,,person
2026-07-08 16:27:28,Unknown,,Crowd1,,,,,person
2026-07-08 16:27:29,Unknown,,Crowd1,,,,,person
2026-07-08 16:27:30,Unknown,,Crowd1,,,,,person
2026-07-08 16:27:31,Unknown,,Crowd1,,,,,person
2026-07-08 16:27:32,Unknown,,Crowd1,,,,,person
2026-07-08 16:27:33,Unknown,,Crowd1,,,,,person
2026-07-08 16:27:34,Unknown,,Crowd1,,,,,person
2026-07-08 16:27:35,Unknown,,Crowd1,,,,,person
2026-07-08 16:27:36,Unknown,,Crowd1,,,,,person
2026-07-08 16:27:37,Unknown,,Crowd1,,,,,person
2026-07-08 16:27:38,Unknown,,Crowd1,,,,,person
2026-07-08 16:27:39,Unknown,,Crowd1,,,,,person
2026-07-08 16:27:40,Unknown,,Crowd1,,,,,person
2026-07-08 16:27:41,Unknown,,Crowd1,,,,,person
2026-07-08 16:27:42,Unknown,,Crowd1,,,,,person
2026-07-08 16:27:43,Unknown,,Crowd1,,,,,person
2026-07-08 16:29:16,Unknown,,Crowd1,,,,,person
2026-07-08 16:29:17,Unknown,,Crowd1,,,,,person
2026-07-08 16:29:18,Unknown,,Crowd1,,,,,person
2026-07-08 16:29:19,Unknown,,Crowd1,,,,,person
2026-07-08 16:29:20,Unknown,,Crowd1,,,,,person
2026-07-08 16:29:21,Unknown,,Crowd1,,,,,person
2026-07-08 16:29:22,Unknown,,Crowd1,,,,,person
2026-07-08 16:29:23,Unknown,,Crowd1,,,,,person
2026-07-08 16:29:24,Unknown,,Crowd1,,,,,person
2026-07-08 16:29:25,Unknown,,Crowd1,,,,,person
2026-07-08 16:29:26,Unknown,,Crowd1,,,,,person
2026-07-08 16:29:27,Unknown,,Crowd1,,,,,person
2026-07-08 16:29:28,Unknown,,Crowd1,,,,,person
2026-07-08 16:29:29,Unknown,,Crowd1,,,,,person
2026-07-08 16:29:30,Unknown,,Crowd1,,,,,person
2026-07-08 16:29:31,Unknown,,Crowd1,,,,,person
2026-07-08 16:29:32,Unknown,,Crowd1,,,,,person
2026-07-08 16:29:33,Unknown,,Crowd1,,,,,person
2026-07-08 16:29:34,Unknown,,Crowd1,,,,,person
2026-07-08 16:29:35,Unknown,,Crowd1,,,,,person
2026-07-08 16:29:36,Unknown,,Crowd1,,,,,person
2026-07-08 16:29:37,Unknown,,Crowd1,,,,,person
2026-07-08 16:29:38,Unknown,,Crowd1,,,,,person
2026-07-08 16:29:39,Unknown,,Crowd1,,,,,person
2026-07-08 16:29:40,Unknown,,Crowd1,,,,,person
2026-07-08 16:29:41,Unknown,,Crowd1,,,,,person
2026-07-08 16:29:42,Unknown,,Crowd1,,,,,person
2026-07-08 16:29:43,Unknown,,Crowd1,,,,,person
2026-07-08 16:29:44,Unknown,,Crowd1,,,,,person
2026-07-08 16:29:45,Unknown,,Crowd1,,,,,person
2026-07-08 16:29:46,Unknown,,Crowd1,,,,,person
2026-07-08 16:29:47,Unknown,,Crowd1,,,,,person
2026-07-08 16:29:48,Unknown,,Crowd1,,,,,person
2026-07-08 16:29:49,Unknown,,Crowd1,,,,,person
2026-07-08 16:29:50,Unknown,,Crowd1,,,,,person
2026-07-08 16:29:51,Unknown,,Crowd1,,,,,person
2026-07-08 16:29:52,Unknown,,Crowd1,,,,,person
2026-07-08 16:29:53,Unknown,,Crowd1,,,,,person
2026-07-08 16:29:54,Unknown,,Crowd1,,,,,person
2026-07-08 16:29:55,Unknown,,Crowd1,,,,,person
2026-07-08 16:29:56,Unknown,,Crowd1,,,,,person
2026-07-08 16:29:57,Unknown,,Crowd1,,,,,person
2026-07-08 16:29:58,Unknown,,Crowd1,,,,,person
2026-07-08 16:29:59,Unknown,,Crowd1,,,,,person
2026-07-08 16:30:00,Unknown,,Crowd1,,,,,person
2026-07-08 16:30:01,Unknown,,Crowd1,,,,,person
2026-07-08 16:30:02,Unknown,,Crowd1,,,,,person
2026-07-08 16:30:03,Unknown,,Crowd1,,,,,person
2026-07-08 16:30:04,Unknown,,Crowd1,,,,,person
2026-07-08 16:30:05,Unknown,,Crowd1,,,,,person
2026-07-08 16:30:06,Unknown,,Crowd1,,,,,person
2026-07-08 16:30:07,Unknown,,Crowd1,,,,,person
2026-07-08 16:30:08,Unknown,,Crowd1,,,,,person
2026-07-08 16:30:09,Unknown,,Crowd1,,,,,person
2026-07-08 16:30:10,Unknown,,Crowd1,,,,,person
2026-07-08 16:30:11,Unknown,,Crowd1,,,,,person
2026-07-08 16:30:12,Unknown,,Crowd1,,,,,person
2026-07-08 16:30:13,Unknown,,Crowd1,,,,,person
2026-07-08 16:30:14,Unknown,,Crowd1,,,,,person
2026-07-08 16:30:15,Unknown,,Crowd1,,,,,person
2026-07-08 16:30:16,Unknown,,Crowd1,,,,,person
2026-07-08 16:30:17,Unknown,,Crowd1,,,,,person
2026-07-08 16:30:18,Unknown,,Crowd1,,,,,person
2026-07-08 16:30:19,Unknown,,Crowd1,,,,,person
2026-07-08 16:30:20,Unknown,,Crowd1,,,,,person
2026-07-08 16:30:21,Unknown,,Crowd1,,,,,person
2026-07-08 16:30:22,Unknown,,Crowd1,,,,,person
2026-07-08 16:30:23,Unknown,,Crowd1,,,,,person
2026-07-08 16:30:24,Unknown,,Crowd1,,,,,person
2026-07-08 16:30:25,Unknown,,Crowd1,,,,,person
2026-07-08 16:30:26,Unknown,,Crowd1,,,,,person
2026-07-08 16:30:27,Unknown,,Crowd1,,,,,person
2026-07-08 16:30:28,Unknown,,Crowd1,,,,,person
2026-07-08 16:30:28,Unknown,,Cloth Section,,,,,person
2026-07-08 16:30:29,Unknown,,Crowd1,,,,,person
2026-07-08 16:30:29,Unknown,,Cloth Section,,,,,person
2026-07-08 16:30:30,Unknown,,Crowd1,,,,,person
2026-07-08 16:30:30,Unknown,,Cloth Section,,,,,person
2026-07-08 16:30:31,Unknown,,Crowd1,,,,,person
2026-07-08 16:30:32,Unknown,,Crowd1,,,,,person
2026-07-08 16:30:33,Unknown,,Crowd1,,,,,person
2026-07-08 16:30:34,Unknown,,Crowd1,,,,,person
2026-07-08 16:30:35,Unknown,,Crowd1,,,,,person
2026-07-08 16:30:36,Unknown,,Crowd1,,,,,person
2026-07-08 16:30:37,Unknown,,Crowd1,,,,,person
2026-07-08 16:30:38,Unknown,,Crowd1,,,,,person
2026-07-08 16:30:39,Unknown,,Crowd1,,,,,person
2026-07-08 16:30:40,Unknown,,Crowd1,,,,,person
2026-07-08 16:30:41,Unknown,,Crowd1,,,,,person
2026-07-08 16:37:15,Unknown,,Crowd1,,,,,person
2026-07-08 16:37:16,Unknown,,Crowd1,,,,,person
2026-07-08 16:37:17,Unknown,,Crowd1,,,,,person
2026-07-08 16:37:18,Unknown,,Crowd1,,,,,person
2026-07-08 16:37:19,Unknown,,Crowd1,,,,,person
2026-07-08 16:37:20,Unknown,,Crowd1,,,,,person
2026-07-08 16:37:21,Unknown,,Crowd1,,,,,person
2026-07-08 16:37:22,Unknown,,Crowd1,,,,,person
2026-07-08 16:37:23,Unknown,,Crowd1,,,,,person
2026-07-08 16:37:24,Unknown,,Crowd1,,,,,person
2026-07-08 16:37:25,Unknown,,Crowd1,,,,,person
2026-07-08 16:37:26,Unknown,,Crowd1,,,,,person
2026-07-08 16:37:27,Unknown,,Crowd1,,,,,person
2026-07-08 16:37:28,Unknown,,Crowd1,,,,,person
2026-07-08 16:37:29,Unknown,,Crowd1,,,,,person
2026-07-08 16:37:30,Unknown,,Crowd1,,,,,person
2026-07-08 16:37:31,Unknown,,Crowd1,,,,,person
2026-07-08 16:37:32,Unknown,,Crowd1,,,,,person
2026-07-08 16:37:33,Unknown,,Crowd1,,,,,person
2026-07-08 16:37:34,Unknown,,Crowd1,,,,,person
2026-07-08 16:37:35,Unknown,,Crowd1,,,,,person
2026-07-08 16:37:36,Unknown,,Crowd1,,,,,person
2026-07-08 16:37:37,Unknown,,Crowd1,,,,,person
2026-07-08 16:37:38,Unknown,,Crowd1,,,,,person
2026-07-08 16:37:39,Unknown,,Crowd1,,,,,person
2026-07-08 16:37:40,Unknown,,Crowd1,,,,,person
2026-07-08 16:37:41,Unknown,,Crowd1,,,,,person
2026-07-08 16:37:42,Unknown,,Crowd1,,,,,person
2026-07-08 16:37:43,Unknown,,Crowd1,,,,,person
2026-07-08 16:37:44,Unknown,,Crowd1,,,,,person
2026-07-08 16:37:45,Unknown,,Crowd1,,,,,person
2026-07-08 16:37:46,Unknown,,Crowd1,,,,,person
2026-07-08 16:37:47,Unknown,,Crowd1,,,,,person
2026-07-08 16:37:48,Unknown,,Crowd1,,,,,person
2026-07-08 16:37:49,Unknown,,Crowd1,,,,,person
2026-07-08 16:37:50,Unknown,,Crowd1,,,,,person
2026-07-08 16:37:51,Unknown,,Crowd1,,,,,person
2026-07-08 16:37:52,Unknown,,Crowd1,,,,,person
2026-07-08 16:37:53,Unknown,,Crowd1,,,,,person
2026-07-08 16:37:54,Unknown,,Crowd1,,,,,person
2026-07-08 16:37:55,Unknown,,Crowd1,,,,,person
2026-07-08 16:37:56,Unknown,,Crowd1,,,,,person
2026-07-08 16:37:57,Unknown,,Crowd1,,,,,person
2026-07-08 16:37:58,Unknown,,Crowd1,,,,,person
2026-07-08 16:37:59,Unknown,,Crowd1,,,,,person
2026-07-08 16:38:00,Unknown,,Crowd1,,,,,person
2026-07-08 16:38:01,Unknown,,Crowd1,,,,,person
2026-07-08 16:38:02,Unknown,,Crowd1,,,,,person
2026-07-08 16:38:03,Unknown,,Crowd1,,,,,person
2026-07-08 16:38:04,Unknown,,Crowd1,,,,,person
2026-07-08 16:38:05,Unknown,,Crowd1,,,,,person
2026-07-08 16:38:06,Unknown,,Crowd1,,,,,person
2026-07-08 16:38:07,Unknown,,Crowd1,,,,,person
2026-07-08 16:38:08,Unknown,,Crowd1,,,,,person
2026-07-08 16:38:09,Unknown,,Crowd1,,,,,person
2026-07-08 16:38:10,Unknown,,Crowd1,,,,,person
2026-07-08 16:38:11,Unknown,,Crowd1,,,,,person
2026-07-08 16:38:12,Unknown,,Crowd1,,,,,person
2026-07-08 16:38:13,Unknown,,Crowd1,,,,,person
2026-07-08 16:38:14,Unknown,,Crowd1,,,,,person
2026-07-08 16:38:15,Unknown,,Crowd1,,,,,person
2026-07-08 16:38:16,Unknown,,Crowd1,,,,,person
2026-07-08 16:38:17,Unknown,,Crowd1,,,,,person
2026-07-08 16:38:18,Unknown,,Crowd1,,,,,person
2026-07-08 16:38:19,Unknown,,Crowd1,,,,,person
2026-07-08 16:38:20,Unknown,,Crowd1,,,,,person
2026-07-08 16:38:21,Unknown,,Crowd1,,,,,person
2026-07-08 16:38:22,Unknown,,Crowd1,,,,,person
2026-07-08 16:38:23,Unknown,,Crowd1,,,,,person
2026-07-08 16:38:24,Unknown,,Crowd1,,,,,person
2026-07-08 16:38:25,Unknown,,Crowd1,,,,,person
2026-07-08 16:38:26,Unknown,,Crowd1,,,,,person
2026-07-08 16:38:27,Unknown,,Crowd1,,,,,person
2026-07-08 16:38:28,Unknown,,Crowd1,,,,,person
2026-07-08 16:38:29,Unknown,,Crowd1,,,,,person
2026-07-08 16:38:30,Unknown,,Crowd1,,,,,person
2026-07-08 16:38:31,Unknown,,Crowd1,,,,,person
2026-07-08 16:38:32,Unknown,,Crowd1,,,,,person
2026-07-08 16:38:33,Unknown,,Crowd1,,,,,person
2026-07-08 16:38:34,Unknown,,Crowd1,,,,,person
2026-07-08 16:38:35,Unknown,,Crowd1,,,,,person
2026-07-08 16:38:36,Unknown,,Crowd1,,,,,person
2026-07-08 16:38:37,Unknown,,Crowd1,,,,,person
2026-07-08 16:38:38,Unknown,,Crowd1,,,,,person
2026-07-08 16:38:39,Unknown,,Crowd1,,,,,person
2026-07-08 16:38:40,Unknown,,Crowd1,,,,,person
2026-07-08 16:38:41,Unknown,,Crowd1,,,,,person
2026-07-08 16:38:42,Unknown,,Crowd1,,,,,person
2026-07-08 16:38:43,Unknown,,Crowd1,,,,,person
2026-07-08 16:38:44,Unknown,,Crowd1,,,,,person
2026-07-08 16:38:45,Unknown,,Crowd1,,,,,person
2026-07-08 16:38:46,Unknown,,Crowd1,,,,,person
2026-07-08 16:38:47,Unknown,,Crowd1,,,,,person
2026-07-08 16:38:48,Unknown,,Crowd1,,,,,person
2026-07-08 16:38:49,Unknown,,Crowd1,,,,,person
2026-07-08 16:38:50,Unknown,,Crowd1,,,,,person
2026-07-08 16:38:51,Unknown,,Crowd1,,,,,person
2026-07-08 16:38:52,Unknown,,Crowd1,,,,,person
2026-07-08 16:38:53,Unknown,,Crowd1,,,,,person
2026-07-08 16:38:54,Unknown,,Crowd1,,,,,person
2026-07-08 16:38:55,Unknown,,Crowd1,,,,,person
2026-07-08 16:38:56,Unknown,,Crowd1,,,,,person
2026-07-08 16:38:57,Unknown,,Crowd1,,,,,person
2026-07-08 16:38:58,Unknown,,Crowd1,,,,,person
2026-07-08 16:38:59,Unknown,,Crowd1,,,,,person
2026-07-08 16:39:00,Unknown,,Crowd1,,,,,person
2026-07-08 16:39:01,Unknown,,Crowd1,,,,,person
2026-07-08 16:39:02,Unknown,,Crowd1,,,,,person
2026-07-08 16:39:03,Unknown,,Crowd1,,,,,person
2026-07-08 16:39:04,Unknown,,Crowd1,,,,,person
2026-07-08 16:39:05,Unknown,,Crowd1,,,,,person
2026-07-08 16:39:06,Unknown,,Crowd1,,,,,person
2026-07-08 16:39:07,Unknown,,Crowd1,,,,,person
2026-07-08 16:39:08,Unknown,,Crowd1,,,,,person
2026-07-08 16:39:09,Unknown,,Crowd1,,,,,person
2026-07-08 16:39:10,Unknown,,Crowd1,,,,,person
2026-07-08 16:39:11,Unknown,,Crowd1,,,,,person
2026-07-08 16:39:12,Unknown,,Crowd1,,,,,person
2026-07-08 16:39:13,Unknown,,Crowd1,,,,,person
2026-07-08 16:39:14,Unknown,,Crowd1,,,,,person
2026-07-08 16:39:15,Unknown,,Crowd1,,,,,person
2026-07-08 16:39:16,Unknown,,Crowd1,,,,,person
2026-07-08 16:39:17,Unknown,,Crowd1,,,,,person
2026-07-08 16:39:18,Unknown,,Crowd1,,,,,person
2026-07-08 16:39:19,Unknown,,Crowd1,,,,,person
2026-07-08 16:39:20,Unknown,,Crowd1,,,,,person
2026-07-08 16:39:21,Unknown,,Crowd1,,,,,person
2026-07-08 16:39:22,Unknown,,Crowd1,,,,,person
2026-07-08 16:39:23,Unknown,,Crowd1,,,,,person
2026-07-08 16:39:24,Unknown,,Crowd1,,,,,person
2026-07-08 16:39:25,Unknown,,Crowd1,,,,,person
2026-07-08 16:39:26,Unknown,,Crowd1,,,,,person
2026-07-08 16:39:27,Unknown,,Crowd1,,,,,person
2026-07-08 16:39:28,Unknown,,Crowd1,,,,,person
2026-07-08 16:39:29,Unknown,,Crowd1,,,,,person
2026-07-08 16:39:30,Unknown,,Crowd1,,,,,person
2026-07-08 16:39:31,Unknown,,Crowd1,,,,,person
2026-07-08 16:39:32,Unknown,,Crowd1,,,,,person
2026-07-08 16:39:33,Unknown,,Crowd1,,,,,person
2026-07-08 16:39:34,Unknown,,Crowd1,,,,,person
2026-07-08 16:39:35,Unknown,,Crowd1,,,,,person
2026-07-08 16:39:36,Unknown,,Crowd1,,,,,person
2026-07-08 16:39:37,Unknown,,Crowd1,,,,,person
2026-07-08 16:39:38,Unknown,,Crowd1,,,,,person
2026-07-08 16:39:39,Unknown,,Crowd1,,,,,person
2026-07-08 16:39:40,Unknown,,Crowd1,,,,,person
2026-07-08 16:39:41,Unknown,,Crowd1,,,,,person
2026-07-08 16:39:42,Unknown,,Crowd1,,,,,person
2026-07-08 16:39:43,Unknown,,Crowd1,,,,,person
2026-07-08 16:39:44,Unknown,,Crowd1,,,,,person
2026-07-08 16:39:45,Unknown,,Crowd1,,,,,person
2026-07-08 16:39:46,Unknown,,Crowd1,,,,,person
2026-07-08 16:39:47,Unknown,,Crowd1,,,,,person
2026-07-08 16:39:51,Unknown,,Crowd1,,,,,person
2026-07-08 16:39:52,Unknown,,Crowd1,,,,,person
2026-07-08 16:39:53,Unknown,,Crowd1,,,,,person
2026-07-08 16:39:54,Unknown,,Crowd1,,,,,person
2026-07-08 16:39:55,Unknown,,Crowd1,,,,,person
2026-07-08 16:39:56,Unknown,,Crowd1,,,,,person
2026-07-08 16:39:57,Unknown,,Crowd1,,,,,person
2026-07-08 16:39:58,Unknown,,Crowd1,,,,,person
2026-07-08 16:39:59,Unknown,,Crowd1,,,,,person
2026-07-08 16:40:00,Unknown,,Crowd1,,,,,person
2026-07-08 16:40:01,Unknown,,Crowd1,,,,,person
2026-07-08 16:40:02,Unknown,,Crowd1,,,,,person
2026-07-08 16:40:03,Unknown,,Crowd1,,,,,person
2026-07-08 16:40:04,Unknown,,Crowd1,,,,,person
2026-07-08 16:40:05,Unknown,,Crowd1,,,,,person
2026-07-08 16:40:06,Unknown,,Crowd1,,,,,person
2026-07-08 16:40:07,Unknown,,Crowd1,,,,,person
2026-07-08 16:40:08,Unknown,,Crowd1,,,,,person
2026-07-08 16:40:09,Unknown,,Crowd1,,,,,person
2026-07-08 16:40:10,Unknown,,Crowd1,,,,,person
2026-07-08 16:40:11,Unknown,,Crowd1,,,,,person
2026-07-08 16:40:12,Unknown,,Crowd1,,,,,person
2026-07-08 16:40:13,Unknown,,Crowd1,,,,,person
2026-07-08 16:40:13,Unknown,,Cloth Section,,,,,person
2026-07-08 16:40:14,Unknown,,Crowd1,,,,,person
2026-07-08 16:40:14,Unknown,,Cloth Section,,,,,person
2026-07-08 16:40:15,Unknown,,Crowd1,,,,,person
2026-07-08 16:40:16,Unknown,,Crowd1,,,,,person
2026-07-08 16:40:17,Unknown,,Crowd1,,,,,person
2026-07-08 16:40:18,Unknown,,Crowd1,,,,,person
2026-07-08 16:40:19,Unknown,,Crowd1,,,,,person
2026-07-08 16:40:20,Unknown,,Crowd1,,,,,person
2026-07-08 16:40:21,Unknown,,Crowd1,,,,,person
2026-07-08 16:40:22,Unknown,,Crowd1,,,,,person
2026-07-08 16:40:23,Unknown,,Crowd1,,,,,person
2026-07-08 16:40:24,Unknown,,Crowd1,,,,,person
2026-07-08 16:40:25,Unknown,,Crowd1,,,,,person
2026-07-08 16:40:26,Unknown,,Crowd1,,,,,person
2026-07-08 16:40:27,Unknown,,Crowd1,,,,,person
2026-07-08 16:40:28,Unknown,,Crowd1,,,,,person
2026-07-08 16:40:29,Unknown,,Crowd1,,,,,person
2026-07-08 16:40:30,Unknown,,Crowd1,,,,,person
2026-07-08 16:40:31,Unknown,,Crowd1,,,,,person
2026-07-08 16:40:32,Unknown,,Crowd1,,,,,person
2026-07-08 16:40:33,Unknown,,Crowd1,,,,,person
2026-07-08 16:40:34,Unknown,,Crowd1,,,,,person
2026-07-08 16:40:35,Unknown,,Crowd1,,,,,person
2026-07-08 16:40:36,Unknown,,Crowd1,,,,,person
2026-07-08 16:40:37,Unknown,,Crowd1,,,,,person
2026-07-08 16:40:38,Unknown,,Crowd1,,,,,person
2026-07-08 16:40:39,Unknown,,Crowd1,,,,,person
2026-07-08 16:40:40,Unknown,,Crowd1,,,,,person
2026-07-08 16:40:41,Unknown,,Crowd1,,,,,person
2026-07-08 16:40:42,Unknown,,Crowd1,,,,,person
2026-07-08 16:40:43,Unknown,,Crowd1,,,,,person
2026-07-08 16:40:44,Unknown,,Crowd1,,,,,person
2026-07-08 16:40:45,Unknown,,Crowd1,,,,,person
2026-07-08 16:40:46,Unknown,,Crowd1,,,,,person
2026-07-08 16:40:47,Unknown,,Crowd1,,,,,person
2026-07-08 16:40:48,Unknown,,Crowd1,,,,,person
2026-07-08 16:40:49,Unknown,,Crowd1,,,,,person
2026-07-08 16:40:50,Unknown,,Crowd1,,,,,person
2026-07-08 16:40:51,Unknown,,Crowd1,,,,,person
2026-07-08 16:40:52,Unknown,,Crowd1,,,,,person
2026-07-08 16:43:42,test,,,test,,,,test
2026-07-08 16:43:56,Unknown,,Crowd1,,,,,person
2026-07-08 16:43:56,Unknown,,Cloth Section,,,,,person
2026-07-08 16:43:57,Unknown,,Crowd1,,,,,person
2026-07-08 16:43:58,Unknown,,Crowd1,,,,,person
2026-07-08 16:43:58,Unknown,,Cloth Section,,,,,person
2026-07-08 16:43:59,Unknown,,Crowd1,,,,,person
2026-07-08 16:43:59,Unknown,,Cloth Section,,,,,person
2026-07-08 16:44:00,Unknown,,Crowd1,,,,,person
2026-07-08 16:44:00,Unknown,,Cloth Section,,,,,person
2026-07-08 16:44:01,Unknown,,Crowd1,,,,,person
2026-07-08 16:44:01,Unknown,,Cloth Section,,,,,person
2026-07-08 16:44:02,Unknown,,Crowd1,,,,,person
2026-07-08 16:44:03,Unknown,,Crowd1,,,,,person
2026-07-08 16:44:03,Unknown,,Cloth Section,,,,,person
2026-07-08 16:44:04,Unknown,,Crowd1,,,,,person
2026-07-08 16:44:04,Unknown,,Cloth Section,,,,,person
2026-07-08 16:44:05,Unknown,,Crowd1,,,,,person
2026-07-08 16:44:05,Unknown,,Cloth Section,,,,,person
2026-07-08 16:44:06,Unknown,,Crowd1,,,,,person
2026-07-08 16:44:06,Unknown,,Cloth Section,,,,,person
2026-07-08 16:44:07,Unknown,,Crowd1,,,,,person
2026-07-08 16:44:07,Unknown,,Cloth Section,,,,,person
2026-07-08 16:44:08,Unknown,,Crowd1,,,,,person
2026-07-08 16:44:08,Unknown,,Cloth Section,,,,,person
2026-07-08 16:44:09,Unknown,,Crowd1,,,,,person
2026-07-08 16:44:09,Unknown,,Cloth Section,,,,,person
2026-07-08 16:44:10,Unknown,,Crowd1,,,,,person
2026-07-08 16:44:10,Unknown,,Cloth Section,,,,,person
2026-07-08 16:44:11,Unknown,,Crowd1,,,,,person
2026-07-08 16:44:12,Unknown,,Crowd1,,,,,person
2026-07-08 16:44:12,Unknown,,Cloth Section,,,,,person
2026-07-08 16:44:13,Unknown,,Crowd1,,,,,person
2026-07-08 16:44:13,Unknown,,Cloth Section,,,,,person
2026-07-08 17:41:31,test,,,test,,,,test
2026-07-08 17:41:41,Unknown,,Crowd1,,,,,person
2026-07-08 17:41:41,Unknown,,Cloth Section,,,,,person
2026-07-08 17:41:42,Unknown,,Crowd1,,,,,person
2026-07-08 17:41:42,Unknown,,Cloth Section,,,,,person
2026-07-08 17:41:43,Unknown,,Crowd1,,,,,person
2026-07-08 17:41:43,Unknown,,Cloth Section,,,,,person
2026-07-08 17:41:44,Unknown,,Crowd1,,,,,person
2026-07-08 17:41:44,Unknown,,Cloth Section,,,,,person
2026-07-08 17:41:45,Unknown,,Crowd1,,,,,person
2026-07-08 17:41:45,Unknown,,Cloth Section,,,,,person
2026-07-08 17:41:46,Unknown,,Crowd1,,,,,person
2026-07-08 17:41:46,Unknown,,Cloth Section,,,,,person
2026-07-08 17:41:47,Unknown,,Crowd1,,,,,person
2026-07-08 17:41:47,Unknown,,Cloth Section,,,,,person
2026-07-08 17:41:48,Unknown,,Crowd1,,,,,person
2026-07-08 17:41:48,Unknown,,Cloth Section,,,,,person
2026-07-08 17:41:49,Unknown,,Crowd1,,,,,person
2026-07-08 17:41:49,Unknown,,Cloth Section,,,,,person
2026-07-08 17:41:50,Unknown,,Crowd1,,,,,person
2026-07-08 17:41:50,Unknown,,Cloth Section,,,,,person
2026-07-08 17:41:51,Unknown,,Cloth Section,,,,,person
2026-07-08 17:41:51,Unknown,,Crowd1,,,,,person
2026-07-08 17:41:52,Unknown,,Crowd1,,,,,person
2026-07-08 17:41:52,Unknown,,Cloth Section,,,,,person
2026-07-08 17:41:53,Unknown,,Crowd1,,,,,person
2026-07-08 17:41:53,Unknown,,Cloth Section,,,,,person
2026-07-08 17:41:54,Unknown,,Crowd1,,,,,person
2026-07-08 17:41:54,Unknown,,Cloth Section,,,,,person
2026-07-08 17:41:55,Unknown,,Crowd1,,,,,person
2026-07-08 17:41:55,Unknown,,Cloth Section,,,,,person
2026-07-08 17:41:56,Unknown,,Crowd1,,,,,person
2026-07-08 17:41:56,Unknown,,Cloth Section,,,,,person
2026-07-08 17:41:57,Unknown,,Crowd1,,,,,person
2026-07-08 17:41:57,Unknown,,Cloth Section,,,,,person
2026-07-08 17:41:58,Unknown,,Crowd1,,,,,person
2026-07-08 17:41:58,Unknown,,Cloth Section,,,,,person
2026-07-08 17:41:59,Unknown,,Crowd1,,,,,person
2026-07-08 17:41:59,Unknown,,Cloth Section,,,,,person
2026-07-08 17:42:00,Unknown,,Crowd1,,,,,person
2026-07-08 17:42:00,Unknown,,Cloth Section,,,,,person
2026-07-08 17:42:01,Unknown,,Crowd1,,,,,person
2026-07-08 17:42:02,Unknown,,Crowd1,,,,,person
2026-07-08 17:42:03,Unknown,,Crowd1,,,,,person
2026-07-08 17:42:04,Unknown,,Crowd1,,,,,person
2026-07-08 17:42:05,Unknown,,Crowd1,,,,,person
2026-07-08 17:42:06,Unknown,,Crowd1,,,,,person
2026-07-08 17:42:07,Unknown,,Crowd1,,,,,person
2026-07-08 17:42:08,Unknown,,Crowd1,,,,,person
2026-07-08 17:42:09,Unknown,,Crowd1,,,,,person
2026-07-08 17:42:10,Unknown,,Crowd1,,,,,person
2026-07-08 17:42:11,Unknown,,Crowd1,,,,,person
2026-07-08 17:42:12,Unknown,,Crowd1,,,,,person
2026-07-08 17:42:13,Unknown,,Crowd1,,,,,person
2026-07-08 17:42:14,Unknown,,Crowd1,,,,,person
2026-07-08 17:42:15,Unknown,,Crowd1,,,,,person
2026-07-08 17:42:16,Unknown,,Crowd1,,,,,person
2026-07-08 17:42:17,Unknown,,Crowd1,,,,,person
2026-07-08 17:42:18,Unknown,,Crowd1,,,,,person
2026-07-08 17:42:19,Unknown,,Crowd1,,,,,person
2026-07-08 17:42:20,Unknown,,Crowd1,,,,,person
2026-07-08 17:42:21,Unknown,,Crowd1,,,,,person
2026-07-08 17:42:22,Unknown,,Crowd1,,,,,person
2026-07-08 17:42:23,Unknown,,Crowd1,,,,,person
2026-07-08 17:42:24,Unknown,,Crowd1,,,,,person
2026-07-08 17:42:25,Unknown,,Crowd1,,,,,person
2026-07-08 17:42:26,Unknown,,Crowd1,,,,,person
2026-07-08 17:42:27,Unknown,,Crowd1,,,,,person
2026-07-08 17:42:28,Unknown,,Crowd1,,,,,person
2026-07-08 17:42:29,Unknown,,Crowd1,,,,,person
2026-07-08 17:42:30,Unknown,,Crowd1,,,,,person
2026-07-08 17:42:31,Unknown,,Crowd1,,,,,person
2026-07-08 17:42:32,Unknown,,Crowd1,,,,,person
2026-07-08 17:42:33,Unknown,,Crowd1,,,,,person
2026-07-08 17:42:34,Unknown,,Crowd1,,,,,person
2026-07-08 17:42:35,Unknown,,Crowd1,,,,,person
2026-07-08 17:42:36,Unknown,,Crowd1,,,,,person
2026-07-08 17:42:37,Unknown,,Crowd1,,,,,person
2026-07-08 17:42:38,Unknown,,Crowd1,,,,,person
2026-07-08 17:42:39,Unknown,,Crowd1,,,,,person
2026-07-08 17:42:40,Unknown,,Crowd1,,,,,person
2026-07-08 17:42:41,Unknown,,Crowd1,,,,,person
2026-07-08 17:42:42,Unknown,,Crowd1,,,,,person
2026-07-08 17:42:43,Unknown,,Crowd1,,,,,person
2026-07-08 17:42:44,Unknown,,Crowd1,,,,,person
2026-07-08 17:42:45,Unknown,,Crowd1,,,,,person
2026-07-08 17:42:46,Unknown,,Crowd1,,,,,person
2026-07-08 17:42:47,Unknown,,Crowd1,,,,,person
2026-07-08 17:42:48,Unknown,,Crowd1,,,,,person
2026-07-08 17:42:49,Unknown,,Crowd1,,,,,person
2026-07-08 17:42:50,Unknown,,Crowd1,,,,,person
2026-07-08 17:42:51,Unknown,,Crowd1,,,,,person
2026-07-08 17:42:52,Unknown,,Crowd1,,,,,person
2026-07-08 17:42:53,Unknown,,Crowd1,,,,,person
2026-07-08 17:51:10,test,,,test,,,,test
2026-07-08 17:51:19,Unknown,,Crowd1,,,,,person
2026-07-08 17:51:20,Unknown,,Crowd1,,,,,person
2026-07-08 17:51:21,Unknown,,Crowd1,,,,,person
2026-07-08 17:51:22,Unknown,,Crowd1,,,,,person
2026-07-08 17:51:22,Unknown,,Cloth Section,,,,,person
2026-07-08 17:51:23,Unknown,,Crowd1,,,,,person
2026-07-08 17:51:23,Unknown,,Cloth Section,,,,,person
2026-07-08 17:51:24,Unknown,,Crowd1,,,,,person
2026-07-08 17:51:24,Unknown,,Cloth Section,,,,,person
2026-07-08 17:51:25,Unknown,,Crowd1,,,,,person
2026-07-08 17:51:25,Unknown,,Cloth Section,,,,,person
2026-07-08 17:51:26,Unknown,,Crowd1,,,,,person
2026-07-08 17:51:26,Unknown,,Cloth Section,,,,,person
2026-07-08 17:51:27,Unknown,,Crowd1,,,,,person
2026-07-08 17:51:27,Unknown,,Cloth Section,,,,,person
2026-07-08 17:51:28,Unknown,,Crowd1,,,,,person
2026-07-08 17:51:28,Unknown,,Cloth Section,,,,,person
2026-07-08 17:51:29,Unknown,,Crowd1,,,,,person
2026-07-08 17:51:29,Unknown,,Cloth Section,,,,,person
2026-07-08 17:51:30,Unknown,,Crowd1,,,,,person
2026-07-08 17:51:30,Unknown,,Cloth Section,,,,,person
2026-07-08 17:51:31,Unknown,,Crowd1,,,,,person
2026-07-08 17:51:31,Unknown,,Cloth Section,,,,,person
2026-07-08 17:51:32,Unknown,,Crowd1,,,,,person
2026-07-08 17:51:32,Unknown,,Cloth Section,,,,,person
2026-07-08 17:51:33,Unknown,,Crowd1,,,,,person
2026-07-08 17:51:33,Unknown,,Cloth Section,,,,,person
2026-07-08 17:51:34,Unknown,,Crowd1,,,,,person
2026-07-08 17:51:34,Unknown,,Cloth Section,,,,,person
2026-07-08 17:51:35,Unknown,,Crowd1,,,,,person
2026-07-08 17:51:35,Unknown,,Cloth Section,,,,,person
2026-07-08 17:51:36,Unknown,,Crowd1,,,,,person
2026-07-08 17:51:36,Unknown,,Cloth Section,,,,,person
2026-07-08 17:51:37,Unknown,,Crowd1,,,,,person
2026-07-08 17:51:37,Unknown,,Cloth Section,,,,,person
2026-07-08 17:51:38,Unknown,,Crowd1,,,,,person
2026-07-08 17:51:38,Unknown,,Cloth Section,,,,,person
2026-07-08 17:51:39,Unknown,,Crowd1,,,,,person
2026-07-08 17:51:39,Unknown,,Cloth Section,,,,,person
2026-07-08 17:51:40,Unknown,,Crowd1,,,,,person
2026-07-08 17:51:40,Unknown,,Cloth Section,,,,,person
2026-07-08 17:51:41,Unknown,,Crowd1,,,,,person
2026-07-08 17:51:41,Unknown,,Cloth Section,,,,,person
2026-07-08 17:51:42,Unknown,,Crowd1,,,,,person
2026-07-08 17:51:42,Unknown,,Cloth Section,,,,,person
2026-07-08 17:51:43,Unknown,,Crowd1,,,,,person
2026-07-08 17:51:43,Unknown,,Cloth Section,,,,,person
2026-07-08 17:51:44,Unknown,,Crowd1,,,,,person
2026-07-08 17:51:44,Unknown,,Cloth Section,,,,,person
2026-07-08 17:51:45,Unknown,,Crowd1,,,,,person
2026-07-08 17:51:45,Unknown,,Cloth Section,,,,,person
2026-07-08 17:51:46,Unknown,,Crowd1,,,,,person
2026-07-08 17:51:46,Unknown,,Cloth Section,,,,,person
2026-07-08 17:51:47,Unknown,,Crowd1,,,,,person
2026-07-08 17:51:47,Unknown,,Cloth Section,,,,,person
2026-07-08 17:51:48,Unknown,,Crowd1,,,,,person
2026-07-08 17:51:48,Unknown,,Cloth Section,,,,,person
2026-07-08 17:51:49,Unknown,,Crowd1,,,,,person
2026-07-08 17:51:49,Unknown,,Cloth Section,,,,,person
2026-07-08 17:51:50,Unknown,,Crowd1,,,,,person
2026-07-08 17:51:50,Unknown,,Cloth Section,,,,,person
2026-07-08 18:02:18,test,,,test,,,,test
2026-07-08 18:02:24,Unknown,,Cloth Section,,,,,person
2026-07-08 18:02:24,Unknown,,Crowd1,,,,,person
2026-07-08 18:02:25,Unknown,,Cloth Section,,,,,person
2026-07-08 18:02:25,Unknown,,Crowd1,,,,,person
2026-07-08 18:02:26,Unknown,,Cloth Section,,,,,person
2026-07-08 18:02:26,Unknown,,Crowd1,,,,,person
2026-07-08 18:02:27,Unknown,,Crowd1,,,,,person
2026-07-08 18:02:27,Unknown,,Cloth Section,,,,,person
2026-07-08 18:02:28,Unknown,,Crowd1,,,,,person
2026-07-08 18:02:28,Unknown,,Cloth Section,,,,,person
2026-07-08 18:02:29,Unknown,,Crowd1,,,,,person
2026-07-08 18:02:30,Unknown,,Crowd1,,,,,person
2026-07-08 18:02:31,Unknown,,Crowd1,,,,,person
2026-07-08 18:02:32,Unknown,,Crowd1,,,,,person
2026-07-08 18:02:33,Unknown,,Crowd1,,,,,person
2026-07-08 18:02:34,Unknown,,Crowd1,,,,,person
2026-07-08 18:02:35,Unknown,,Crowd1,,,,,person
2026-07-08 18:02:36,Unknown,,Crowd1,,,,,person
2026-07-08 18:02:37,Unknown,,Crowd1,,,,,person
2026-07-08 18:02:38,Unknown,,Crowd1,,,,,person
2026-07-08 18:02:39,Unknown,,Crowd1,,,,,person
2026-07-08 18:02:40,Unknown,,Crowd1,,,,,person
2026-07-08 18:02:41,Unknown,,Crowd1,,,,,person
2026-07-08 18:02:42,Unknown,,Crowd1,,,,,person
2026-07-08 18:02:43,Unknown,,Crowd1,,,,,person
2026-07-08 18:02:44,Unknown,,Crowd1,,,,,person
2026-07-08 18:02:45,Unknown,,Crowd1,,,,,person
2026-07-08 18:02:46,Unknown,,Crowd1,,,,,person
2026-07-08 18:02:47,Unknown,,Crowd1,,,,,person
2026-07-08 18:02:48,Unknown,,Crowd1,,,,,person
2026-07-08 18:02:49,Unknown,,Crowd1,,,,,person
2026-07-08 18:02:50,Unknown,,Crowd1,,,,,person
2026-07-08 18:02:51,Unknown,,Crowd1,,,,,person
2026-07-08 18:02:52,Unknown,,Crowd1,,,,,person
2026-07-08 18:02:53,Unknown,,Crowd1,,,,,person
2026-07-08 18:02:54,Unknown,,Crowd1,,,,,person
2026-07-08 18:02:55,Unknown,,Crowd1,,,,,person
2026-07-08 18:02:56,Unknown,,Crowd1,,,,,person
2026-07-08 18:02:57,Unknown,,Crowd1,,,,,person
2026-07-08 18:02:57,Unknown,,Cloth Section,,,,,person
2026-07-08 18:02:58,Unknown,,Crowd1,,,,,person
2026-07-08 18:02:59,Unknown,,Crowd1,,,,,person
2026-07-08 18:03:00,Unknown,,Crowd1,,,,,person
2026-07-08 18:03:01,Unknown,,Crowd1,,,,,person
2026-07-08 18:03:02,Unknown,,Crowd1,,,,,person
2026-07-08 18:03:03,Unknown,,Crowd1,,,,,person
2026-07-08 18:03:04,Unknown,,Crowd1,,,,,person
2026-07-08 18:03:05,Unknown,,Crowd1,,,,,person
2026-07-08 18:03:06,Unknown,,Crowd1,,,,,person
2026-07-08 18:03:07,Unknown,,Crowd1,,,,,person
2026-07-08 18:03:08,Unknown,,Crowd1,,,,,person
2026-07-08 18:03:09,Unknown,,Crowd1,,,,,person
2026-07-08 18:03:10,Unknown,,Crowd1,,,,,person
2026-07-08 18:03:11,Unknown,,Crowd1,,,,,person
2026-07-08 18:03:12,Unknown,,Crowd1,,,,,person
2026-07-08 18:03:13,Unknown,,Crowd1,,,,,person
2026-07-08 18:03:14,Unknown,,Crowd1,,,,,person
2026-07-08 18:37:53,test,,,test,,,,test
2026-07-08 18:38:01,Unknown,,Crowd1,,,,,person
2026-07-08 18:38:01,Unknown,,Cloth Section,,,,,person
2026-07-08 18:38:02,Unknown,,Crowd1,,,,,person
2026-07-08 18:38:02,Unknown,,Cloth Section,,,,,person
2026-07-08 18:38:03,Unknown,,Crowd1,,,,,person
2026-07-08 18:38:03,Unknown,,Cloth Section,,,,,person
2026-07-08 18:38:04,Unknown,,Crowd1,,,,,person
2026-07-08 18:38:04,Unknown,,Cloth Section,,,,,person
2026-07-08 18:38:05,Unknown,,Crowd1,,,,,person
2026-07-08 18:38:05,Unknown,,Cloth Section,,,,,person
2026-07-08 18:38:06,Unknown,,Crowd1,,,,,person
2026-07-08 18:38:06,Unknown,,Cloth Section,,,,,person
2026-07-08 18:38:07,Unknown,,Crowd1,,,,,person
2026-07-08 18:38:07,Unknown,,Cloth Section,,,,,person
2026-07-08 18:38:08,Unknown,,Crowd1,,,,,person
2026-07-08 18:38:08,Unknown,,Cloth Section,,,,,person
2026-07-08 18:38:09,Unknown,,Cloth Section,,,,,person
2026-07-08 18:38:09,Unknown,,Crowd1,,,,,person
2026-07-08 18:38:10,Unknown,,Crowd1,,,,,person
2026-07-08 18:38:10,Unknown,,Cloth Section,,,,,person
2026-07-08 18:38:11,Unknown,,Crowd1,,,,,person
2026-07-08 18:38:11,Unknown,,Cloth Section,,,,,person
2026-07-08 18:38:12,Unknown,,Crowd1,,,,,person
2026-07-08 18:38:12,Unknown,,Cloth Section,,,,,person
2026-07-08 18:38:13,Unknown,,Crowd1,,,,,person
2026-07-08 18:38:13,Unknown,,Cloth Section,,,,,person
2026-07-08 18:38:14,Unknown,,Crowd1,,,,,person
2026-07-08 18:38:14,Unknown,,Cloth Section,,,,,person
2026-07-08 18:38:15,Unknown,,Crowd1,,,,,person
2026-07-08 18:38:15,Unknown,,Cloth Section,,,,,person
2026-07-08 18:38:16,Unknown,,Crowd1,,,,,person
2026-07-08 18:38:16,Unknown,,Cloth Section,,,,,person
2026-07-08 18:38:17,Unknown,,Crowd1,,,,,person
2026-07-08 18:38:17,Unknown,,Cloth Section,,,,,person
2026-07-08 18:38:18,Unknown,,Crowd1,,,,,person
2026-07-08 18:38:18,Unknown,,Cloth Section,,,,,person
2026-07-08 18:38:19,Unknown,,Crowd1,,,,,person
2026-07-08 18:38:19,Unknown,,Cloth Section,,,,,person
2026-07-08 18:38:20,Unknown,,Crowd1,,,,,person
2026-07-08 18:38:20,Unknown,,Cloth Section,,,,,person
2026-07-08 18:38:21,Unknown,,Crowd1,,,,,person
2026-07-08 18:38:21,Unknown,,Cloth Section,,,,,person
2026-07-08 18:38:22,Unknown,,Crowd1,,,,,person
2026-07-08 18:38:22,Unknown,,Cloth Section,,,,,person
2026-07-08 18:38:23,Unknown,,Cloth Section,,,,,person
2026-07-08 18:38:23,Unknown,,Crowd1,,,,,person
2026-07-08 18:38:24,Unknown,,Cloth Section,,,,,person
2026-07-08 18:38:24,Unknown,,Crowd1,,,,,person
2026-07-08 18:38:25,Unknown,,Cloth Section,,,,,person
2026-07-08 18:38:25,Unknown,,Crowd1,,,,,person
2026-07-08 18:38:26,Unknown,,Crowd1,,,,,person
2026-07-08 18:38:26,Unknown,,Cloth Section,,,,,person
2026-07-08 18:38:27,Unknown,,Crowd1,,,,,person
2026-07-08 18:38:27,Unknown,,Cloth Section,,,,,person
2026-07-08 18:38:28,Unknown,,Cloth Section,,,,,person
2026-07-08 18:38:28,Unknown,,Crowd1,,,,,person
2026-07-08 18:38:29,Unknown,,Crowd1,,,,,person
2026-07-08 18:38:29,Unknown,,Cloth Section,,,,,person
2026-07-08 18:38:30,Unknown,,Crowd1,,,,,person
2026-07-08 18:38:30,Unknown,,Cloth Section,,,,,person
2026-07-08 18:38:31,Unknown,,Crowd1,,,,,person
2026-07-08 18:38:31,Unknown,,Cloth Section,,,,,person
2026-07-08 18:38:32,Unknown,,Crowd1,,,,,person
2026-07-08 18:38:32,Unknown,,Cloth Section,,,,,person
2026-07-08 18:38:33,Unknown,,Crowd1,,,,,person
2026-07-08 18:38:33,Unknown,,Cloth Section,,,,,person
2026-07-08 18:38:34,Unknown,,Crowd1,,,,,person
2026-07-08 18:38:34,Unknown,,Cloth Section,,,,,person
2026-07-08 18:38:35,Unknown,,Crowd1,,,,,person
2026-07-08 18:38:35,Unknown,,Cloth Section,,,,,person
2026-07-08 18:38:36,Unknown,,Crowd1,,,,,person
2026-07-08 18:38:36,Unknown,,Cloth Section,,,,,person
2026-07-08 18:38:37,Unknown,,Crowd1,,,,,person
2026-07-08 18:38:37,Unknown,,Cloth Section,,,,,person
2026-07-08 18:38:38,Unknown,,Crowd1,,,,,person
2026-07-08 18:38:38,Unknown,,Cloth Section,,,,,person
2026-07-08 18:38:39,Unknown,,Crowd1,,,,,person
2026-07-08 18:38:39,Unknown,,Cloth Section,,,,,person
2026-07-08 18:38:40,Unknown,,Crowd1,,,,,person
2026-07-08 18:38:40,Unknown,,Cloth Section,,,,,person
2026-07-08 18:38:41,Unknown,,Crowd1,,,,,person
2026-07-08 18:38:41,Unknown,,Cloth Section,,,,,person
2026-07-08 18:38:42,Unknown,,Crowd1,,,,,person
2026-07-08 18:38:42,Unknown,,Cloth Section,,,,,person
2026-07-08 18:38:43,Unknown,,Crowd1,,,,,person
2026-07-08 18:38:43,Unknown,,Cloth Section,,,,,person
2026-07-08 18:38:44,Unknown,,Crowd1,,,,,person
2026-07-08 18:38:44,Unknown,,Cloth Section,,,,,person
2026-07-08 18:38:45,Unknown,,Cloth Section,,,,,person
2026-07-08 18:38:45,Unknown,,Crowd1,,,,,person
2026-07-08 18:38:46,Unknown,,Crowd1,,,,,person
2026-07-08 18:38:46,Unknown,,Cloth Section,,,,,person
2026-07-08 18:38:47,Unknown,,Cloth Section,,,,,person
2026-07-08 18:38:47,Unknown,,Crowd1,,,,,person
2026-07-08 18:38:48,Unknown,,Crowd1,,,,,person
2026-07-08 18:38:48,Unknown,,Cloth Section,,,,,person
2026-07-08 18:38:49,Unknown,,Cloth Section,,,,,person
2026-07-08 18:38:49,Unknown,,Crowd1,,,,,person
2026-07-08 18:38:50,Unknown,,Cloth Section,,,,,person
2026-07-08 18:38:50,Unknown,,Crowd1,,,,,person
2026-07-08 18:38:51,Unknown,,Crowd1,,,,,person
2026-07-08 18:38:51,Unknown,,Cloth Section,,,,,person
2026-07-08 18:38:52,Unknown,,Cloth Section,,,,,person
2026-07-08 18:38:52,Unknown,,Crowd1,,,,,person
2026-07-08 18:38:53,Unknown,,Crowd1,,,,,person
2026-07-08 18:38:53,Unknown,,Cloth Section,,,,,person
2026-07-08 18:38:54,Unknown,,Cloth Section,,,,,person
2026-07-08 18:38:54,Unknown,,Crowd1,,,,,person
2026-07-08 18:38:55,Unknown,,Crowd1,,,,,person
2026-07-08 18:38:55,Unknown,,Cloth Section,,,,,person
2026-07-08 18:38:56,Unknown,,Crowd1,,,,,person
2026-07-08 18:38:57,Unknown,,Crowd1,,,,,person
2026-07-08 18:38:57,Unknown,,Cloth Section,,,,,person
2026-07-08 18:38:58,Unknown,,Crowd1,,,,,person
2026-07-08 18:38:59,Unknown,,Cloth Section,,,,,person
2026-07-08 18:38:59,Unknown,,Crowd1,,,,,person
2026-07-08 18:39:00,Unknown,,Crowd1,,,,,person
2026-07-08 18:39:00,Unknown,,Cloth Section,,,,,person
2026-07-08 18:39:01,Unknown,,Cloth Section,,,,,person
2026-07-08 18:39:01,Unknown,,Crowd1,,,,,person
2026-07-08 18:39:02,Unknown,,Cloth Section,,,,,person
2026-07-08 18:39:02,Unknown,,Crowd1,,,,,person
2026-07-08 18:39:03,Unknown,,Cloth Section,,,,,person
2026-07-08 18:39:03,Unknown,,Crowd1,,,,,person
2026-07-08 18:39:04,Unknown,,Cloth Section,,,,,person
2026-07-08 18:39:04,Unknown,,Crowd1,,,,,person
2026-07-08 18:39:05,Unknown,,Crowd1,,,,,person
2026-07-08 18:39:05,Unknown,,Cloth Section,,,,,person
2026-07-08 18:39:06,Unknown,,Cloth Section,,,,,person
2026-07-08 18:39:06,Unknown,,Crowd1,,,,,person
2026-07-08 18:39:07,Unknown,,Crowd1,,,,,person
2026-07-08 18:39:07,Unknown,,Cloth Section,,,,,person
2026-07-09 12:24:12,test,,,test,,,,test
2026-07-09 12:24:18,Unknown,,Crowd1,,,,,person
2026-07-09 12:24:20,Unknown,,Crowd1,,,,,person
2026-07-09 12:24:21,Unknown,,Crowd1,,,,,person
2026-07-09 12:24:22,Unknown,,Crowd1,,,,,person
2026-07-09 12:24:23,Unknown,,Crowd1,,,,,person
2026-07-09 12:24:24,Unknown,,Crowd1,,,,,person
2026-07-09 12:24:25,Unknown,,Crowd1,,,,,person
2026-07-09 12:24:26,Unknown,,Crowd1,,,,,person
2026-07-09 12:24:27,Unknown,,Crowd1,,,,,person
2026-07-09 12:24:28,Unknown,,Crowd1,,,,,person
2026-07-09 12:24:29,Unknown,,Crowd1,,,,,person
2026-07-09 12:24:30,Unknown,,Crowd1,,,,,person
2026-07-09 12:24:31,Unknown,,Crowd1,,,,,person
2026-07-09 12:24:32,Unknown,,Crowd1,,,,,person
2026-07-09 12:24:33,Unknown,,Crowd1,,,,,person
2026-07-09 12:24:34,Unknown,,Crowd1,,,,,person
2026-07-09 12:24:35,Unknown,,Crowd1,,,,,person
2026-07-09 12:24:36,Unknown,,Crowd1,,,,,person
2026-07-09 13:26:06,test,,,test,,,,test
2026-07-09 13:26:14,Unknown,,Crowd1,,,,,person
2026-07-09 13:26:15,Unknown,,Crowd1,,,,,person
2026-07-09 13:26:16,Unknown,,Crowd1,,,,,person
2026-07-09 13:26:17,Unknown,,Crowd1,,,,,person
2026-07-09 13:26:18,Unknown,,Crowd1,,,,,person
2026-07-09 13:26:19,Unknown,,Crowd1,,,,,person
2026-07-09 13:26:19,Unknown,,Cloth Section,,,,,person
2026-07-09 13:26:20,Unknown,,Crowd1,,,,,person
2026-07-09 13:26:20,Unknown,,Cloth Section,,,,,person
2026-07-09 13:26:21,Unknown,,Crowd1,,,,,person
2026-07-09 13:26:21,Unknown,,Cloth Section,,,,,person
2026-07-09 13:26:22,Unknown,,Crowd1,,,,,person
2026-07-09 13:26:22,Unknown,,Cloth Section,,,,,person
2026-07-09 13:26:23,Unknown,,Crowd1,,,,,person
2026-07-09 13:26:23,Unknown,,Cloth Section,,,,,person
2026-07-09 13:26:24,Unknown,,Crowd1,,,,,person
2026-07-09 13:26:24,Unknown,,Cloth Section,,,,,person
2026-07-09 13:26:25,Unknown,,Crowd1,,,,,person
2026-07-09 13:26:25,Unknown,,Cloth Section,,,,,person
2026-07-09 13:26:26,Unknown,,Crowd1,,,,,person
2026-07-09 13:26:26,Unknown,,Cloth Section,,,,,person
2026-07-09 13:26:27,Unknown,,Crowd1,,,,,person
2026-07-09 13:26:27,Unknown,,Cloth Section,,,,,person
2026-07-09 13:26:28,Unknown,,Crowd1,,,,,person
2026-07-09 13:26:28,Unknown,,Cloth Section,,,,,person
2026-07-09 13:26:29,Unknown,,Crowd1,,,,,person
2026-07-09 13:26:29,Unknown,,Cloth Section,,,,,person
2026-07-09 13:26:30,Unknown,,Crowd1,,,,,person
2026-07-09 13:26:30,Unknown,,Cloth Section,,,,,person
2026-07-09 13:26:31,Unknown,,Crowd1,,,,,person
2026-07-09 13:26:31,Unknown,,Cloth Section,,,,,person
2026-07-09 13:26:32,Unknown,,Crowd1,,,,,person
2026-07-09 13:26:32,Unknown,,Cloth Section,,,,,person
2026-07-09 13:26:33,Unknown,,Crowd1,,,,,person
2026-07-09 13:26:33,Unknown,,Cloth Section,,,,,person
2026-07-09 13:26:34,Unknown,,Crowd1,,,,,person
2026-07-09 13:26:34,Unknown,,Cloth Section,,,,,person
2026-07-09 13:26:35,Unknown,,Crowd1,,,,,person
2026-07-09 13:26:35,Unknown,,Cloth Section,,,,,person
2026-07-09 13:26:36,Unknown,,Crowd1,,,,,person
2026-07-09 13:26:36,Unknown,,Cloth Section,,,,,person
2026-07-09 13:26:37,Unknown,,Crowd1,,,,,person
2026-07-09 13:26:37,Unknown,,Cloth Section,,,,,person
2026-07-09 13:26:38,Unknown,,Crowd1,,,,,person
2026-07-09 13:26:38,Unknown,,Cloth Section,,,,,person
2026-07-09 13:26:39,Unknown,,Crowd1,,,,,person
2026-07-09 13:26:39,Unknown,,Cloth Section,,,,,person
2026-07-09 13:26:40,Unknown,,Crowd1,,,,,person
2026-07-09 13:26:40,Unknown,,Cloth Section,,,,,person
2026-07-09 13:26:41,Unknown,,Crowd1,,,,,person
2026-07-09 13:26:41,Unknown,,Cloth Section,,,,,person
2026-07-09 13:26:42,Unknown,,Crowd1,,,,,person
2026-07-09 13:26:42,Unknown,,Cloth Section,,,,,person
2026-07-09 13:26:43,Unknown,,Crowd1,,,,,person
2026-07-09 13:26:43,Unknown,,Cloth Section,,,,,person
2026-07-09 13:26:44,Unknown,,Crowd1,,,,,person
2026-07-09 13:26:44,Unknown,,Cloth Section,,,,,person
2026-07-09 13:26:45,Unknown,,Crowd1,,,,,person
2026-07-09 13:26:45,Unknown,,Cloth Section,,,,,person
2026-07-09 13:26:46,Unknown,,Crowd1,,,,,person
2026-07-09 13:26:46,Unknown,,Cloth Section,,,,,person
2026-07-09 13:26:47,Unknown,,Crowd1,,,,,person
2026-07-09 13:26:47,Unknown,,Cloth Section,,,,,person
2026-07-09 13:26:48,Unknown,,Crowd1,,,,,person
2026-07-09 13:26:48,Unknown,,Cloth Section,,,,,person
2026-07-09 13:26:49,Unknown,,Crowd1,,,,,person
2026-07-09 13:26:49,Unknown,,Cloth Section,,,,,person
2026-07-09 13:26:50,Unknown,,Crowd1,,,,,person
2026-07-09 13:26:50,Unknown,,Cloth Section,,,,,person
2026-07-09 13:26:51,Unknown,,Crowd1,,,,,person
2026-07-09 13:26:51,Unknown,,Cloth Section,,,,,person
2026-07-09 13:26:52,Unknown,,Crowd1,,,,,person
2026-07-09 13:26:52,Unknown,,Cloth Section,,,,,person
2026-07-09 13:26:53,Unknown,,Crowd1,,,,,person
2026-07-09 13:26:53,Unknown,,Cloth Section,,,,,person
2026-07-09 13:26:54,Unknown,,Crowd1,,,,,person
2026-07-09 13:26:54,Unknown,,Cloth Section,,,,,person
2026-07-09 13:26:55,Unknown,,Crowd1,,,,,person
2026-07-09 13:26:55,Unknown,,Cloth Section,,,,,person
2026-07-09 13:26:56,Unknown,,Crowd1,,,,,person
2026-07-09 13:26:56,Unknown,,Cloth Section,,,,,person
2026-07-09 13:26:57,Unknown,,Crowd1,,,,,person
2026-07-09 13:26:57,Unknown,,Cloth Section,,,,,person
2026-07-09 17:16:59,test,,,test,,,,test
2026-07-09 17:19:05,test,,,test,,,,test
2026-07-09 17:28:36,test,,,test,,,,test
2026-07-09 17:28:45,Unknown,,Crowd1,,,,,person
2026-07-09 17:28:46,Unknown,,Crowd1,,,,,person
2026-07-09 17:28:47,Unknown,,Crowd1,,,,,person
2026-07-09 17:28:48,Unknown,,Crowd1,,,,,person
2026-07-09 17:28:49,Unknown,,Crowd1,,,,,person
2026-07-09 17:28:50,Unknown,,Crowd1,,,,,person
2026-07-09 17:28:51,Unknown,,Crowd1,,,,,person
2026-07-09 17:28:52,Unknown,,Crowd1,,,,,person
2026-07-09 17:28:53,Unknown,,Crowd1,,,,,person
2026-07-09 17:28:54,Unknown,,Crowd1,,,,,person
2026-07-09 17:28:55,Unknown,,Crowd1,,,,,person
2026-07-09 17:28:56,Unknown,,Crowd1,,,,,person
2026-07-09 17:28:57,Unknown,,Crowd1,,,,,person
2026-07-09 17:28:58,Unknown,,Crowd1,,,,,person
2026-07-09 17:28:59,Unknown,,Crowd1,,,,,person
2026-07-09 17:29:00,Unknown,,Crowd1,,,,,person
2026-07-09 18:15:14,test,,,test,,,,test
2026-07-09 18:24:21,test,,,test,,,,test
2026-07-09 18:24:28,Unknown,,Crowd1,,,,,person
2026-07-09 18:24:29,Unknown,,Crowd1,,,,,person
2026-07-09 18:24:30,Unknown,,Crowd1,,,,,person
2026-07-09 18:24:31,Unknown,,Crowd1,,,,,person
2026-07-09 18:24:32,Unknown,,Crowd1,,,,,person
2026-07-09 18:36:34,test,,,test,,,,test
2026-07-09 18:36:59,Unknown,,Crowd1,,,,,person
2026-07-09 18:36:59,Unknown,,Cloth Section,,,,,person
2026-07-09 18:37:00,Unknown,,Crowd1,,,,,person
2026-07-09 18:37:00,Unknown,,Cloth Section,,,,,person
2026-07-09 18:37:01,Unknown,,Crowd1,,,,,person
2026-07-09 18:37:01,Unknown,,Cloth Section,,,,,person
2026-07-09 18:37:02,Unknown,,Crowd1,,,,,person
2026-07-09 18:37:02,Unknown,,Cloth Section,,,,,person
2026-07-09 18:37:03,Unknown,,Crowd1,,,,,person
2026-07-09 18:37:03,Unknown,,Cloth Section,,,,,person
2026-07-09 18:37:04,Unknown,,Crowd1,,,,,person
2026-07-09 18:37:04,Unknown,,Cloth Section,,,,,person
2026-07-09 18:37:05,Unknown,,Crowd1,,,,,person
2026-07-09 18:37:05,Unknown,,Cloth Section,,,,,person
2026-07-09 18:37:06,Unknown,,Crowd1,,,,,person
2026-07-09 18:37:06,Unknown,,Cloth Section,,,,,person
2026-07-09 18:37:07,Unknown,,Crowd1,,,,,person
2026-07-09 18:37:07,Unknown,,Cloth Section,,,,,person
2026-07-09 18:37:08,Unknown,,Crowd1,,,,,person
2026-07-09 18:37:08,Unknown,,Cloth Section,,,,,person
2026-07-09 18:37:09,Unknown,,Crowd1,,,,,person
2026-07-09 18:37:09,Unknown,,Cloth Section,,,,,person
2026-07-09 18:37:10,Unknown,,Crowd1,,,,,person
2026-07-09 18:37:10,Unknown,,Cloth Section,,,,,person
2026-07-09 18:37:11,Unknown,,Crowd1,,,,,person
2026-07-09 18:37:11,Unknown,,Cloth Section,,,,,person
2026-07-09 18:37:12,Unknown,,Crowd1,,,,,person
2026-07-09 18:37:12,Unknown,,Cloth Section,,,,,person
2026-07-09 18:37:13,Unknown,,Crowd1,,,,,person
2026-07-09 18:37:13,Unknown,,Cloth Section,,,,,person
2026-07-09 18:56:57,test,,,test,,,,test
2026-07-09 19:18:02,test,,,test,,,,test
2026-07-09 19:21:55,test,,,test,,,,test
2026-07-09 19:22:04,Unknown,,Crowd1,,,,,person
2026-07-09 19:22:05,Unknown,,Crowd1,,,,,person
2026-07-09 19:22:06,Unknown,,Crowd1,,,,,person
2026-07-09 19:22:07,Unknown,,Crowd1,,,,,person
2026-07-09 19:22:08,Unknown,,Crowd1,,,,,person
2026-07-09 19:22:09,Unknown,,Crowd1,,,,,person
2026-07-09 19:22:10,Unknown,,Crowd1,,,,,person
2026-07-09 19:22:11,Unknown,,Crowd1,,,,,person
2026-07-09 19:22:12,Unknown,,Crowd1,,,,,person
2026-07-09 19:22:13,Unknown,,Crowd1,,,,,person
2026-07-09 19:22:14,Unknown,,Crowd1,,,,,person
2026-07-09 19:22:15,Unknown,,Crowd1,,,,,person
2026-07-09 19:22:16,Unknown,,Crowd1,,,,,person
2026-07-09 19:22:17,Unknown,,Crowd1,,,,,person
2026-07-09 19:22:18,Unknown,,Crowd1,,,,,person
2026-07-09 19:22:19,Unknown,,Crowd1,,,,,person
2026-07-09 19:22:20,Unknown,,Crowd1,,,,,person
2026-07-09 19:22:21,Unknown,,Crowd1,,,,,person
2026-07-09 19:22:22,Unknown,,Crowd1,,,,,person
2026-07-09 19:22:23,Unknown,,Crowd1,,,,,person
2026-07-09 19:22:24,Unknown,,Crowd1,,,,,person
2026-07-09 19:22:25,Unknown,,Crowd1,,,,,person
2026-07-09 19:22:26,Unknown,,Crowd1,,,,,person
2026-07-09 19:22:27,Unknown,,Crowd1,,,,,person
2026-07-09 19:22:28,Unknown,,Crowd1,,,,,person
2026-07-09 19:22:29,Unknown,,Crowd1,,,,,person
2026-07-09 19:22:29,Unknown,,Cloth Section,,,,,person
2026-07-09 19:22:30,Unknown,,Crowd1,,,,,person
2026-07-09 19:22:30,Unknown,,Cloth Section,,,,,person
2026-07-09 19:22:31,Unknown,,Crowd1,,,,,person
2026-07-09 19:22:31,Unknown,,Cloth Section,,,,,person
2026-07-09 19:22:32,Unknown,,Crowd1,,,,,person
2026-07-09 19:22:32,Unknown,,Cloth Section,,,,,person
2026-07-09 19:22:33,Unknown,,Crowd1,,,,,person
2026-07-09 19:22:33,Unknown,,Cloth Section,,,,,person
2026-07-09 19:22:34,Unknown,,Crowd1,,,,,person
2026-07-09 19:22:34,Unknown,,Cloth Section,,,,,person
2026-07-09 19:22:35,Unknown,,Crowd1,,,,,person
2026-07-09 19:22:35,Unknown,,Cloth Section,,,,,person
2026-07-09 19:22:36,Unknown,,Crowd1,,,,,person
2026-07-09 19:22:36,Unknown,,Cloth Section,,,,,person
2026-07-09 19:22:37,Unknown,,Crowd1,,,,,person
2026-07-09 19:22:37,Unknown,,Cloth Section,,,,,person
2026-07-09 19:22:38,Unknown,,Crowd1,,,,,person
2026-07-09 19:22:38,Unknown,,Cloth Section,,,,,person
2026-07-09 19:22:39,Unknown,,Crowd1,,,,,person
2026-07-09 19:22:39,Unknown,,Cloth Section,,,,,person
2026-07-09 19:22:40,Unknown,,Crowd1,,,,,person
2026-07-09 19:22:40,Unknown,,Cloth Section,,,,,person
2026-07-09 19:22:41,Unknown,,Crowd1,,,,,person
2026-07-09 19:22:41,Unknown,,Cloth Section,,,,,person
2026-07-09 19:22:42,Unknown,,Cloth Section,,,,,person
2026-07-09 19:22:43,Unknown,,Cloth Section,,,,,person
2026-07-09 19:22:44,Unknown,,Cloth Section,,,,,person
2026-07-09 19:22:45,Unknown,,Cloth Section,,,,,person
2026-07-09 19:22:46,Unknown,,Crowd1,,,,,person
2026-07-09 19:22:47,Unknown,,Crowd1,,,,,person
2026-07-09 19:22:48,Unknown,,Crowd1,,,,,person
2026-07-09 19:22:49,Unknown,,Crowd1,,,,,person
2026-07-09 19:22:50,Unknown,,Crowd1,,,,,person
2026-07-09 19:22:51,Unknown,,Crowd1,,,,,person
2026-07-09 19:22:52,Unknown,,Crowd1,,,,,person
2026-07-09 19:22:53,Unknown,,Crowd1,,,,,person
2026-07-09 19:22:54,Unknown,,Crowd1,,,,,person
2026-07-09 19:22:55,Unknown,,Crowd1,,,,,person
2026-07-09 19:22:56,Unknown,,Crowd1,,,,,person
2026-07-09 19:22:57,Unknown,,Crowd1,,,,,person
2026-07-09 19:22:58,Unknown,,Crowd1,,,,,person
2026-07-09 19:22:59,Unknown,,Crowd1,,,,,person
2026-07-09 19:23:00,Unknown,,Crowd1,,,,,person
2026-07-09 19:23:01,Unknown,,Crowd1,,,,,person
2026-07-09 19:23:02,Unknown,,Crowd1,,,,,person
2026-07-09 19:23:03,Unknown,,Crowd1,,,,,person
2026-07-09 19:23:04,Unknown,,Crowd1,,,,,person
2026-07-09 19:23:05,Unknown,,Crowd1,,,,,person
2026-07-09 19:23:06,Unknown,,Crowd1,,,,,person
2026-07-09 19:23:07,Unknown,,Crowd1,,,,,person
2026-07-09 19:23:08,Unknown,,Crowd1,,,,,person
2026-07-09 19:23:09,Unknown,,Crowd1,,,,,person
2026-07-09 19:23:10,Unknown,,Crowd1,,,,,person
2026-07-09 19:23:11,Unknown,,Crowd1,,,,,person
2026-07-09 19:23:12,Unknown,,Crowd1,,,,,person
2026-07-09 19:23:13,Unknown,,Crowd1,,,,,person
2026-07-09 19:23:14,Unknown,,Crowd1,,,,,person
2026-07-09 19:23:15,Unknown,,Crowd1,,,,,person
2026-07-09 19:23:16,Unknown,,Crowd1,,,,,person
2026-07-09 19:23:17,Unknown,,Crowd1,,,,,person
2026-07-09 19:23:18,Unknown,,Crowd1,,,,,person
2026-07-09 19:23:19,Unknown,,Crowd1,,,,,person
2026-07-09 19:23:20,Unknown,,Crowd1,,,,,person
2026-07-09 19:23:21,Unknown,,Crowd1,,,,,person
2026-07-09 19:23:22,Unknown,,Crowd1,,,,,person
2026-07-09 19:23:23,Unknown,,Crowd1,,,,,person
2026-07-09 19:23:24,Unknown,,Crowd1,,,,,person
2026-07-09 19:23:25,Unknown,,Crowd1,,,,,person
2026-07-09 19:23:26,Unknown,,Crowd1,,,,,person
2026-07-09 19:23:27,Unknown,,Crowd1,,,,,person
2026-07-09 19:23:28,Unknown,,Crowd1,,,,,person
2026-07-09 19:23:29,Unknown,,Crowd1,,,,,person
2026-07-09 19:23:30,Unknown,,Crowd1,,,,,person
2026-07-09 19:23:31,Unknown,,Crowd1,,,,,person
2026-07-09 19:23:32,Unknown,,Crowd1,,,,,person
2026-07-09 19:23:33,Unknown,,Crowd1,,,,,person
2026-07-09 19:23:34,Unknown,,Crowd1,,,,,person
2026-07-09 19:23:35,Unknown,,Crowd1,,,,,person
2026-07-09 19:23:36,Unknown,,Crowd1,,,,,person
2026-07-09 19:23:37,Unknown,,Crowd1,,,,,person
2026-07-09 19:23:38,Unknown,,Crowd1,,,,,person
2026-07-09 19:23:39,Unknown,,Crowd1,,,,,person
2026-07-09 19:23:40,Unknown,,Crowd1,,,,,person
2026-07-09 19:23:41,Unknown,,Crowd1,,,,,person
2026-07-09 19:23:42,Unknown,,Crowd1,,,,,person
2026-07-09 19:23:43,Unknown,,Crowd1,,,,,person
2026-07-09 19:23:44,Unknown,,Crowd1,,,,,person
2026-07-09 19:23:45,Unknown,,Crowd1,,,,,person
2026-07-09 19:23:46,Unknown,,Crowd1,,,,,person
2026-07-09 19:23:47,Unknown,,Crowd1,,,,,person
2026-07-09 19:23:48,Unknown,,Crowd1,,,,,person
2026-07-09 19:23:49,Unknown,,Crowd1,,,,,person
2026-07-09 19:23:50,Unknown,,Crowd1,,,,,person
2026-07-09 19:23:51,Unknown,,Crowd1,,,,,person
2026-07-09 19:23:52,Unknown,,Crowd1,,,,,person
2026-07-09 19:23:53,Unknown,,Crowd1,,,,,person
2026-07-09 19:23:54,Unknown,,Crowd1,,,,,person
2026-07-09 19:23:55,Unknown,,Crowd1,,,,,person
2026-07-09 19:23:56,Unknown,,Crowd1,,,,,person
2026-07-09 19:23:57,Unknown,,Crowd1,,,,,person
2026-07-09 19:23:58,Unknown,,Crowd1,,,,,person
2026-07-09 19:23:59,Unknown,,Crowd1,,,,,person
2026-07-09 19:24:00,Unknown,,Crowd1,,,,,person
2026-07-09 19:24:01,Unknown,,Crowd1,,,,,person
2026-07-09 19:24:02,Unknown,,Crowd1,,,,,person
2026-07-09 19:24:03,Unknown,,Crowd1,,,,,person
2026-07-09 19:24:04,Unknown,,Crowd1,,,,,person
2026-07-09 19:24:05,Unknown,,Crowd1,,,,,person
2026-07-09 19:24:06,Unknown,,Crowd1,,,,,person
2026-07-09 19:24:07,Unknown,,Crowd1,,,,,person
2026-07-09 19:24:08,Unknown,,Crowd1,,,,,person
2026-07-09 19:24:09,Unknown,,Crowd1,,,,,person
2026-07-09 19:24:10,Unknown,,Crowd1,,,,,person
2026-07-09 19:24:11,Unknown,,Crowd1,,,,,person
2026-07-09 19:24:12,Unknown,,Crowd1,,,,,person
2026-07-09 19:24:13,Unknown,,Crowd1,,,,,person
2026-07-09 19:24:14,Unknown,,Crowd1,,,,,person
2026-07-09 19:24:15,Unknown,,Crowd1,,,,,person
2026-07-09 19:24:16,Unknown,,Crowd1,,,,,person
2026-07-09 19:24:17,Unknown,,Crowd1,,,,,person
2026-07-09 19:24:18,Unknown,,Crowd1,,,,,person
2026-07-09 19:24:19,Unknown,,Crowd1,,,,,person
2026-07-09 19:24:20,Unknown,,Crowd1,,,,,person
2026-07-09 19:24:21,Unknown,,Crowd1,,,,,person
2026-07-09 19:24:22,Unknown,,Crowd1,,,,,person
2026-07-09 19:24:22,Unknown,,Cloth Section,,,,,person
2026-07-09 19:24:23,Unknown,,Crowd1,,,,,person
2026-07-09 19:24:23,Unknown,,Cloth Section,,,,,person
2026-07-09 19:24:24,Unknown,,Crowd1,,,,,person
2026-07-09 19:24:24,Unknown,,Cloth Section,,,,,person
2026-07-09 19:24:25,Unknown,,Crowd1,,,,,person
2026-07-09 19:24:25,Unknown,,Cloth Section,,,,,person
2026-07-09 19:24:26,Unknown,,Crowd1,,,,,person
2026-07-09 19:24:26,Unknown,,Cloth Section,,,,,person
2026-07-09 19:24:27,Unknown,,Crowd1,,,,,person
2026-07-09 19:24:27,Unknown,,Cloth Section,,,,,person
2026-07-09 19:24:28,Unknown,,Crowd1,,,,,person
2026-07-09 19:24:28,Unknown,,Cloth Section,,,,,person
2026-07-09 19:24:29,Unknown,,Crowd1,,,,,person
2026-07-09 19:24:29,Unknown,,Cloth Section,,,,,person
2026-07-09 19:24:30,Unknown,,Crowd1,,,,,person
2026-07-09 19:24:30,Unknown,,Cloth Section,,,,,person
2026-07-09 19:24:31,Unknown,,Cloth Section,,,,,person
2026-07-09 19:24:31,Unknown,,Crowd1,,,,,person
2026-07-09 19:24:32,Unknown,,Crowd1,,,,,person
2026-07-09 19:24:32,Unknown,,Cloth Section,,,,,person
2026-07-09 19:24:33,Unknown,,Crowd1,,,,,person
2026-07-09 19:24:33,Unknown,,Cloth Section,,,,,person
2026-07-09 19:24:34,Unknown,,Crowd1,,,,,person
2026-07-09 19:24:34,Unknown,,Cloth Section,,,,,person
2026-07-09 19:24:35,Unknown,,Crowd1,,,,,person
2026-07-09 19:24:35,Unknown,,Cloth Section,,,,,person
2026-07-09 19:24:36,Unknown,,Crowd1,,,,,person
2026-07-09 19:24:36,Unknown,,Cloth Section,,,,,person
2026-07-09 19:24:37,Unknown,,Crowd1,,,,,person
2026-07-09 19:24:37,Unknown,,Cloth Section,,,,,person
2026-07-09 19:24:38,Unknown,,Crowd1,,,,,person
2026-07-09 19:24:38,Unknown,,Cloth Section,,,,,person
2026-07-09 19:24:39,Unknown,,Crowd1,,,,,person
2026-07-09 19:24:39,Unknown,,Cloth Section,,,,,person
2026-07-09 19:24:40,Unknown,,Crowd1,,,,,person
2026-07-09 19:24:40,Unknown,,Cloth Section,,,,,person
2026-07-09 19:24:41,Unknown,,Crowd1,,,,,person
2026-07-09 19:24:41,Unknown,,Cloth Section,,,,,person
2026-07-09 19:24:42,Unknown,,Crowd1,,,,,person
2026-07-09 19:24:42,Unknown,,Cloth Section,,,,,person
2026-07-09 19:24:43,Unknown,,Crowd1,,,,,person
2026-07-09 19:24:43,Unknown,,Cloth Section,,,,,person
2026-07-09 19:24:44,Unknown,,Crowd1,,,,,person
2026-07-09 19:24:44,Unknown,,Cloth Section,,,,,person
2026-07-09 19:24:45,Unknown,,Crowd1,,,,,person
2026-07-09 19:24:45,Unknown,,Cloth Section,,,,,person
2026-07-09 19:24:46,Unknown,,Crowd1,,,,,person
2026-07-09 19:24:46,Unknown,,Cloth Section,,,,,person
2026-07-09 19:24:47,Unknown,,Crowd1,,,,,person
2026-07-09 19:24:47,Unknown,,Cloth Section,,,,,person
2026-07-09 19:24:48,Unknown,,Crowd1,,,,,person
2026-07-09 19:24:48,Unknown,,Cloth Section,,,,,person
2026-07-09 19:24:49,Unknown,,Crowd1,,,,,person
2026-07-09 19:24:49,Unknown,,Cloth Section,,,,,person
2026-07-09 19:24:50,Unknown,,Crowd1,,,,,person
2026-07-09 19:24:50,Unknown,,Cloth Section,,,,,person
2026-07-09 19:24:51,Unknown,,Crowd1,,,,,person
2026-07-09 19:24:51,Unknown,,Cloth Section,,,,,person
2026-07-09 19:24:52,Unknown,,Crowd1,,,,,person
2026-07-09 19:24:52,Unknown,,Cloth Section,,,,,person
2026-07-09 19:24:53,Unknown,,Crowd1,,,,,person
2026-07-09 19:24:53,Unknown,,Cloth Section,,,,,person
2026-07-09 19:24:54,Unknown,,Crowd1,,,,,person
2026-07-09 19:24:54,Unknown,,Cloth Section,,,,,person
2026-07-09 19:24:55,Unknown,,Crowd1,,,,,person
2026-07-09 19:24:55,Unknown,,Cloth Section,,,,,person
2026-07-09 19:24:56,Unknown,,Crowd1,,,,,person
2026-07-09 19:24:56,Unknown,,Cloth Section,,,,,person
2026-07-09 19:24:57,Unknown,,Crowd1,,,,,person
2026-07-09 19:24:57,Unknown,,Cloth Section,,,,,person
2026-07-09 19:24:58,Unknown,,Crowd1,,,,,person
2026-07-09 19:24:58,Unknown,,Cloth Section,,,,,person
2026-07-09 19:24:59,Unknown,,Crowd1,,,,,person
2026-07-09 19:24:59,Unknown,,Cloth Section,,,,,person
2026-07-09 19:25:00,Unknown,,Crowd1,,,,,person
2026-07-09 19:25:00,Unknown,,Cloth Section,,,,,person
2026-07-09 19:25:01,Unknown,,Crowd1,,,,,person
2026-07-09 19:25:02,Unknown,,Crowd1,,,,,person
2026-07-09 19:25:03,Unknown,,Crowd1,,,,,person
2026-07-09 19:25:04,Unknown,,Crowd1,,,,,person
2026-07-09 19:25:05,Unknown,,Crowd1,,,,,person
2026-07-09 19:25:06,Unknown,,Crowd1,,,,,person
2026-07-09 19:25:07,Unknown,,Crowd1,,,,,person
2026-07-09 19:25:08,Unknown,,Crowd1,,,,,person
2026-07-09 19:25:09,Unknown,,Crowd1,,,,,person
2026-07-09 19:25:10,Unknown,,Crowd1,,,,,person
2026-07-09 19:25:11,Unknown,,Crowd1,,,,,person
2026-07-09 19:25:12,Unknown,,Crowd1,,,,,person
2026-07-09 19:25:13,Unknown,,Crowd1,,,,,person
2026-07-09 19:25:14,Unknown,,Crowd1,,,,,person
2026-07-09 19:25:15,Unknown,,Crowd1,,,,,person
2026-07-09 19:25:16,Unknown,,Crowd1,,,,,person
2026-07-09 19:25:17,Unknown,,Crowd1,,,,,person
2026-07-09 19:25:18,Unknown,,Crowd1,,,,,person
2026-07-09 19:25:19,Unknown,,Crowd1,,,,,person
2026-07-09 19:25:20,Unknown,,Crowd1,,,,,person
2026-07-09 19:25:21,Unknown,,Crowd1,,,,,person
2026-07-09 19:25:22,Unknown,,Crowd1,,,,,person
2026-07-09 19:25:23,Unknown,,Crowd1,,,,,person
2026-07-09 19:25:24,Unknown,,Crowd1,,,,,person
2026-07-09 19:25:25,Unknown,,Crowd1,,,,,person
2026-07-09 19:25:26,Unknown,,Crowd1,,,,,person
2026-07-09 19:25:27,Unknown,,Crowd1,,,,,person
2026-07-09 19:25:28,Unknown,,Crowd1,,,,,person
2026-07-09 19:25:29,Unknown,,Crowd1,,,,,person
2026-07-09 19:25:30,Unknown,,Crowd1,,,,,person
2026-07-09 19:25:31,Unknown,,Crowd1,,,,,person
2026-07-09 19:25:32,Unknown,,Crowd1,,,,,person
2026-07-09 19:25:33,Unknown,,Crowd1,,,,,person
2026-07-09 19:25:34,Unknown,,Crowd1,,,,,person
2026-07-09 19:25:35,Unknown,,Crowd1,,,,,person
2026-07-09 20:01:43,test,,,test,,,,test
2026-07-09 20:01:51,Unknown,,Crowd1,,,,,person
2026-07-09 20:01:51,Unknown,,Cloth Section,,,,,person
2026-07-09 20:01:52,Unknown,,Crowd1,,,,,person
2026-07-09 20:01:52,Unknown,,Cloth Section,,,,,person
2026-07-09 20:01:53,Unknown,,Crowd1,,,,,person
2026-07-09 20:01:53,Unknown,,Cloth Section,,,,,person
2026-07-09 20:01:54,Unknown,,Crowd1,,,,,person
2026-07-09 20:01:54,Unknown,,Cloth Section,,,,,person
2026-07-09 20:01:55,Unknown,,Crowd1,,,,,person
2026-07-09 20:01:55,Unknown,,Cloth Section,,,,,person
2026-07-09 20:01:56,Unknown,,Crowd1,,,,,person
2026-07-09 20:01:56,Unknown,,Cloth Section,,,,,person
2026-07-09 20:01:57,Unknown,,Crowd1,,,,,person
2026-07-09 20:01:57,Unknown,,Cloth Section,,,,,person
2026-07-09 20:01:58,Unknown,,Crowd1,,,,,person
2026-07-09 20:01:58,Unknown,,Cloth Section,,,,,person
2026-07-09 20:01:59,Unknown,,Crowd1,,,,,person
2026-07-09 20:01:59,Unknown,,Cloth Section,,,,,person
2026-07-09 20:02:00,Unknown,,Crowd1,,,,,person
2026-07-09 20:02:00,Unknown,,Cloth Section,,,,,person
2026-07-09 20:02:09,Unknown,,Crowd1,,,,,person
2026-07-09 20:02:09,Unknown,,Cloth Section,,,,,person
2026-07-09 20:02:10,Unknown,,Crowd1,,,,,person
2026-07-09 20:02:10,Unknown,,Cloth Section,,,,,person
2026-07-09 20:02:11,Unknown,,Crowd1,,,,,person
2026-07-09 20:02:11,Unknown,,Cloth Section,,,,,person
2026-07-09 20:02:12,Unknown,,Crowd1,,,,,person
2026-07-09 20:02:12,Unknown,,Cloth Section,,,,,person
2026-07-09 20:02:13,Unknown,,Crowd1,,,,,person
2026-07-09 20:02:13,Unknown,,Cloth Section,,,,,person
2026-07-09 20:02:14,Unknown,,Crowd1,,,,,person
2026-07-09 20:02:14,Unknown,,Cloth Section,,,,,person
2026-07-09 20:02:15,Unknown,,Crowd1,,,,,person
2026-07-09 20:02:15,Unknown,,Cloth Section,,,,,person
2026-07-09 20:02:16,Unknown,,Crowd1,,,,,person
2026-07-09 20:02:16,Unknown,,Cloth Section,,,,,person
2026-07-09 20:02:17,Unknown,,Cloth Section,,,,,person
2026-07-09 20:02:17,Unknown,,Crowd1,,,,,person
2026-07-09 20:02:18,Unknown,,Crowd1,,,,,person
2026-07-09 20:02:18,Unknown,,Cloth Section,,,,,person
2026-07-09 20:02:19,Unknown,,Crowd1,,,,,person
2026-07-09 20:02:19,Unknown,,Cloth Section,,,,,person
2026-07-09 20:02:20,Unknown,,Crowd1,,,,,person
2026-07-09 20:02:20,Unknown,,Cloth Section,,,,,person
2026-07-09 20:02:21,Unknown,,Crowd1,,,,,person
2026-07-09 20:02:21,Unknown,,Cloth Section,,,,,person
2026-07-09 20:02:22,Unknown,,Crowd1,,,,,person
2026-07-09 20:02:22,Unknown,,Cloth Section,,,,,person
2026-07-09 20:02:23,Unknown,,Crowd1,,,,,person
2026-07-09 20:02:23,Unknown,,Cloth Section,,,,,person
2026-07-09 20:02:24,Unknown,,Crowd1,,,,,person
2026-07-09 20:02:24,Unknown,,Cloth Section,,,,,person
2026-07-09 20:02:25,Unknown,,Crowd1,,,,,person
2026-07-09 20:02:25,Unknown,,Cloth Section,,,,,person
2026-07-09 20:02:26,Unknown,,Crowd1,,,,,person
2026-07-09 20:02:26,Unknown,,Cloth Section,,,,,person
2026-07-09 20:02:27,Unknown,,Crowd1,,,,,person
2026-07-09 20:02:27,Unknown,,Cloth Section,,,,,person
2026-07-09 20:02:28,Unknown,,Crowd1,,,,,person
2026-07-09 20:02:28,Unknown,,Cloth Section,,,,,person
2026-07-09 20:02:29,Unknown,,Crowd1,,,,,person
2026-07-09 20:02:29,Unknown,,Cloth Section,,,,,person
2026-07-09 20:02:30,Unknown,,Crowd1,,,,,person
2026-07-09 20:02:30,Unknown,,Cloth Section,,,,,person
2026-07-09 20:02:31,Unknown,,Crowd1,,,,,person
2026-07-09 20:02:31,Unknown,,Cloth Section,,,,,person
2026-07-09 20:02:32,Unknown,,Crowd1,,,,,person
2026-07-09 20:02:32,Unknown,,Cloth Section,,,,,person
2026-07-09 20:02:33,Unknown,,Crowd1,,,,,person
2026-07-09 20:02:33,Unknown,,Cloth Section,,,,,person
2026-07-09 20:02:34,Unknown,,Crowd1,,,,,person
2026-07-09 20:02:34,Unknown,,Cloth Section,,,,,person
2026-07-09 20:02:35,Unknown,,Crowd1,,,,,person
2026-07-09 20:02:35,Unknown,,Cloth Section,,,,,person
2026-07-09 20:02:36,Unknown,,Crowd1,,,,,person
2026-07-09 20:02:36,Unknown,,Cloth Section,,,,,person
2026-07-09 20:02:37,Unknown,,Crowd1,,,,,person
2026-07-09 20:02:37,Unknown,,Cloth Section,,,,,person
2026-07-09 20:02:38,Unknown,,Crowd1,,,,,person
2026-07-09 20:02:38,Unknown,,Cloth Section,,,,,person
2026-07-09 20:02:39,Unknown,,Crowd1,,,,,person
2026-07-09 20:02:39,Unknown,,Cloth Section,,,,,person
2026-07-09 20:02:40,Unknown,,Crowd1,,,,,person
2026-07-09 20:02:40,Unknown,,Cloth Section,,,,,person
2026-07-09 20:02:41,Unknown,,Crowd1,,,,,person
2026-07-09 20:02:41,Unknown,,Cloth Section,,,,,person
2026-07-09 20:02:42,Unknown,,Crowd1,,,,,person
2026-07-09 20:02:42,Unknown,,Cloth Section,,,,,person
2026-07-09 20:02:43,Unknown,,Crowd1,,,,,person
2026-07-09 20:02:43,Unknown,,Cloth Section,,,,,person
2026-07-09 20:02:44,Unknown,,Crowd1,,,,,person
2026-07-09 20:02:44,Unknown,,Cloth Section,,,,,person
2026-07-09 20:02:45,Unknown,,Crowd1,,,,,person
2026-07-09 20:02:45,Unknown,,Cloth Section,,,,,person
2026-07-09 20:02:46,Unknown,,Crowd1,,,,,person
2026-07-09 20:02:46,Unknown,,Cloth Section,,,,,person
2026-07-09 20:02:47,Unknown,,Crowd1,,,,,person
2026-07-09 20:02:47,Unknown,,Cloth Section,,,,,person
2026-07-09 20:02:48,Unknown,,Crowd1,,,,,person
2026-07-09 20:02:48,Unknown,,Cloth Section,,,,,person
2026-07-09 20:02:49,Unknown,,Crowd1,,,,,person
2026-07-09 20:02:49,Unknown,,Cloth Section,,,,,person
2026-07-09 20:02:50,Unknown,,Crowd1,,,,,person
2026-07-09 20:02:50,Unknown,,Cloth Section,,,,,person
2026-07-09 20:02:51,Unknown,,Crowd1,,,,,person
2026-07-09 20:02:51,Unknown,,Cloth Section,,,,,person
2026-07-09 20:02:52,Unknown,,Crowd1,,,,,person
2026-07-09 20:02:52,Unknown,,Cloth Section,,,,,person
2026-07-10 10:23:43,test,,,test,,,,test
2026-07-10 10:23:50,Unknown,,Crowd1,,,,,person
2026-07-10 10:23:51,Unknown,,Crowd1,,,,,person
2026-07-10 10:23:52,Unknown,,Crowd1,,,,,person
2026-07-10 10:23:53,Unknown,,Crowd1,,,,,person
2026-07-10 10:23:54,Unknown,,Crowd1,,,,,person
2026-07-10 10:23:55,Unknown,,Crowd1,,,,,person
2026-07-10 10:23:56,Unknown,,Crowd1,,,,,person
2026-07-10 10:23:57,Unknown,,Crowd1,,,,,person
2026-07-10 10:23:58,Unknown,,Crowd1,,,,,person
2026-07-10 10:23:59,Unknown,,Crowd1,,,,,person
2026-07-10 10:24:00,Unknown,,Crowd1,,,,,person
2026-07-10 10:24:01,Unknown,,Crowd1,,,,,person
2026-07-10 10:24:02,Unknown,,Crowd1,,,,,person
2026-07-10 10:24:03,Unknown,,Crowd1,,,,,person
2026-07-10 10:24:04,Unknown,,Crowd1,,,,,person
2026-07-10 10:24:05,Unknown,,Crowd1,,,,,person
2026-07-10 10:24:06,Unknown,,Crowd1,,,,,person
2026-07-10 10:24:07,Unknown,,Crowd1,,,,,person
2026-07-10 10:24:08,Unknown,,Crowd1,,,,,person
2026-07-10 10:24:09,Unknown,,Crowd1,,,,,person
2026-07-10 10:24:10,Unknown,,Crowd1,,,,,person
2026-07-10 10:24:11,Unknown,,Crowd1,,,,,person
2026-07-10 10:24:12,Unknown,,Crowd1,,,,,person
2026-07-10 10:24:13,Unknown,,Crowd1,,,,,person
2026-07-10 10:24:14,Unknown,,Crowd1,,,,,person
2026-07-10 10:24:15,Unknown,,Crowd1,,,,,person
2026-07-10 10:24:16,Unknown,,Crowd1,,,,,person
2026-07-10 10:24:17,Unknown,,Crowd1,,,,,person
2026-07-10 10:24:18,Unknown,,Crowd1,,,,,person
2026-07-10 10:24:19,Unknown,,Crowd1,,,,,person
2026-07-10 10:24:20,Unknown,,Crowd1,,,,,person
2026-07-10 10:24:21,Unknown,,Crowd1,,,,,person
2026-07-10 10:24:22,Unknown,,Crowd1,,,,,person
2026-07-10 10:24:23,Unknown,,Crowd1,,,,,person
2026-07-10 10:24:55,test,,,test,,,,test
2026-07-10 10:25:00,Unknown,,Crowd1,,,,,person
2026-07-10 10:25:01,Unknown,,Crowd1,,,,,person
2026-07-10 10:25:02,Unknown,,Crowd1,,,,,person
2026-07-10 10:25:03,Unknown,,Crowd1,,,,,person
2026-07-10 10:25:04,Unknown,,Crowd1,,,,,person
2026-07-10 10:25:05,Unknown,,Crowd1,,,,,person
2026-07-10 10:25:06,Unknown,,Crowd1,,,,,person
2026-07-10 10:25:07,Unknown,,Crowd1,,,,,person
2026-07-10 10:25:08,Unknown,,Crowd1,,,,,person
2026-07-10 10:25:09,Unknown,,Crowd1,,,,,person
2026-07-10 10:25:10,Unknown,,Crowd1,,,,,person
2026-07-10 10:25:11,Unknown,,Crowd1,,,,,person
2026-07-10 10:25:12,Unknown,,Crowd1,,,,,person
2026-07-10 10:25:13,Unknown,,Crowd1,,,,,person
2026-07-10 10:25:14,Unknown,,Crowd1,,,,,person
2026-07-10 10:25:15,Unknown,,Crowd1,,,,,person
